id,first_name,last_name,email,gender,ip_address,country,price_paid,tax
1,Alva,Laise,alaise0@examiner.com,Male,49.190.97.67,Portugal,70.51,20%
2,Chucho,Padrick,cpadrick1@google.cn,Male,227.240.32.202,Philippines,37.8,20%
3,Craggie,Golbourn,cgolbourn2@purevolume.com,Male,44.164.224.105,China,61.88,20%
4,Valina,Gayther,vgayther3@yellowbook.com,Female,235.151.125.171,Poland,1.48,20%
5,Launce,Ronchetti,lronchetti4@baidu.com,Male,78.182.70.63,Belarus,89.79,20%
6,Lucais,Canto,lcanto5@geocities.com,Male,103.214.181.207,Ukraine,85.51,5%
7,Dorree,Sidlow,dsidlow6@nps.gov,Female,134.82.126.160,Peru,56.48,20%
8,Adelice,Yarnold,ayarnold7@wunderground.com,Agender,25.67.207.142,Indonesia,1.86,20%
9,Madlen,Orrice,morrice8@ebay.com,Non-binary,37.93.248.100,Poland,20.08,20%
10,Byron,Dibben,bdibben9@pinterest.com,Non-binary,167.168.156.211,Peru,70.38,20%
11,Kiley,Piet,kpieta@flavors.me,Genderqueer,19.119.73.61,China,59.34,5%
12,Mallory,Good,mgoodb@google.com.hk,Male,137.48.135.231,Thailand,59.14,20%
13,Agata,Benzi,abenzic@constantcontact.com,Non-binary,227.249.164.87,Mali,46.26,20%
14,Arther,Clorley,aclorleyd@wikispaces.com,Male,190.95.220.202,Russia,60.21,20%
15,Catherin,Roggieri,croggierie@wunderground.com,Female,92.215.2.82,China,17.28,5%
16,Bertram,Redman,bredmanf@sphinn.com,Male,77.202.177.98,Kenya,81.51,5%
17,Gannie,Slowley,gslowleyg@livejournal.com,Male,182.114.181.188,Greece,42.07,20%
18,Zane,Laister,zlaisterh@taobao.com,Male,193.50.193.17,Botswana,18.26,20%
19,Wallace,Fackrell,wfackrelli@reverbnation.com,Male,189.237.227.94,Czech Republic,11.78,20%
20,Crosby,Denison,cdenisonj@google.com.au,Male,11.137.101.213,China,91.67,20%
21,Emile,Folbige,efolbigek@netvibes.com,Male,144.251.7.117,Pakistan,66.44,20%
22,Beatrice,Ebbotts,bebbottsl@springer.com,Female,10.153.234.203,Thailand,37.91,20%
23,Mart,Gadsby,mgadsbym@miibeian.gov.cn,Male,170.81.130.224,Guinea,11.45,5%
24,Grissel,Jovovic,gjovovicn@wiley.com,Female,196.242.199.141,Indonesia,61.86,20%
25,Tito,McElory,tmceloryo@scribd.com,Male,60.58.129.161,China,38.26,20%
26,Danita,Beecheno,dbeechenop@samsung.com,Female,69.40.199.81,Ukraine,43.67,5%
27,Adolphus,Ohm,aohmq@ed.gov,Male,190.82.192.3,Indonesia,84.49,20%
28,Sidonia,Ruby,srubyr@yandex.ru,Female,169.166.241.195,Indonesia,73.76,20%
29,Cristabel,Tweede,ctweedes@taobao.com,Female,226.142.50.222,Indonesia,38.24,20%
30,Madge,Kynman,mkynmant@360.cn,Female,162.191.20.39,Armenia,12.18,20%
31,Pascale,Burgill,pburgillu@boston.com,Male,109.213.41.42,Poland,43.19,5%
32,Tricia,Fallanche,tfallanchev@census.gov,Female,119.17.187.212,Sudan,43.35,20%
33,Eli,Imore,eimorew@jiathis.com,Agender,86.81.226.7,Thailand,26.9,20%
34,Sigfrid,Chupin,schupinx@amazon.co.jp,Male,67.216.218.182,China,43.31,20%
35,Brear,Selburn,bselburny@addthis.com,Female,146.68.249.44,United States,60.32,20%
36,Roderick,Winskill,rwinskillz@w3.org,Male,44.16.47.225,Indonesia,14.23,20%
37,Justino,Bohlje,jbohlje10@scribd.com,Male,128.219.209.25,Portugal,81.19,20%
38,Johann,Thurstance,jthurstance11@amazonaws.com,Male,231.3.10.79,France,94.77,20%
39,Sarajane,Sang,ssang12@goo.gl,Female,83.136.13.219,China,87.8,5%
40,Lothario,O'Mullally,lomullally13@ezinearticles.com,Male,42.17.243.56,Poland,75.74,5%
41,Lucius,Blumer,lblumer14@liveinternet.ru,Male,23.92.119.40,Yemen,45.86,5%
42,Lila,O'Codihie,locodihie15@google.es,Non-binary,22.92.37.251,Ukraine,3.52,20%
43,Mateo,Messier,mmessier16@xinhuanet.com,Male,113.237.179.72,Brazil,47.7,20%
44,Waverly,Jorgensen,wjorgensen17@yandex.ru,Male,5.40.170.27,Russia,43.53,20%
45,Burty,Brunroth,bbrunroth18@dedecms.com,Male,167.94.156.100,Sweden,99.43,5%
46,Luella,Bricksey,lbricksey19@taobao.com,Agender,179.20.211.80,Poland,84.6,5%
47,Henrieta,Loddy,hloddy1a@cmu.edu,Female,226.7.11.212,China,72.71,20%
48,Ripley,Lepick,rlepick1b@narod.ru,Male,243.162.174.109,Morocco,26.93,20%
49,Frederigo,Coleby,fcoleby1c@cafepress.com,Male,72.132.230.84,Philippines,78.88,20%
50,Rick,Floodgate,rfloodgate1d@microsoft.com,Male,35.75.83.139,Russia,44.46,5%
51,Boyce,Hoovart,bhoovart1e@usgs.gov,Male,151.32.149.75,China,57.84,5%
52,Janeva,Duff,jduff1f@hubpages.com,Genderfluid,197.233.152.184,Panama,16.96,20%
53,Hana,Chafer,hchafer1g@uol.com.br,Female,230.187.243.207,South Africa,15.26,5%
54,Donn,Hughlock,dhughlock1h@home.pl,Male,213.185.99.186,Venezuela,17.52,20%
55,Corie,Stears,cstears1i@ow.ly,Non-binary,10.25.1.173,Philippines,27.19,20%
56,Arielle,Kilgannon,akilgannon1j@senate.gov,Female,70.120.17.234,Indonesia,43.89,20%
57,Olympe,Cullen,ocullen1k@apache.org,Non-binary,104.248.34.245,Russia,65.25,5%
58,Ev,Garratty,egarratty1l@dot.gov,Male,175.102.249.8,United States,9.38,20%
59,Jillana,Marlen,jmarlen1m@yolasite.com,Genderqueer,237.14.64.26,Indonesia,16.33,5%
60,Bill,Sherville,bsherville1n@blinklist.com,Male,101.27.207.197,Thailand,84.99,20%
61,Augusto,Ledwitch,aledwitch1o@com.com,Male,252.135.102.159,Philippines,92.11,5%
62,Armando,Acuna,aacuna1p@imageshack.us,Male,212.126.193.89,Azerbaijan,78.33,5%
63,Rutherford,Phifer,rphifer1q@foxnews.com,Male,237.205.202.208,Nigeria,72.93,20%
64,Free,Tudball,ftudball1r@stanford.edu,Male,251.83.11.210,Ethiopia,30.49,20%
65,Sara-ann,Fawkes,sfawkes1s@marriott.com,Bigender,56.208.183.1,Armenia,5.79,20%
66,Farley,Pillington,fpillington1t@soundcloud.com,Bigender,241.220.79.128,Indonesia,37.59,20%
67,Goober,Bernath,gbernath1u@ehow.com,Male,20.140.248.105,China,33.53,20%
68,Katherina,Hendron,khendron1v@sfgate.com,Genderqueer,69.30.18.159,Argentina,31.69,20%
69,Clemens,Jonuzi,cjonuzi1w@shareasale.com,Male,136.182.236.79,Czech Republic,8.72,20%
70,Miranda,Euston,meuston1x@twitpic.com,Female,87.219.107.172,Russia,8.61,5%
71,Olive,Gealy,ogealy1y@tumblr.com,Female,98.224.21.218,Malaysia,23.65,20%
72,Ban,Stayt,bstayt1z@google.ru,Male,189.145.96.35,Madagascar,76.48,5%
73,Olivette,Bushby,obushby20@blogspot.com,Female,245.55.177.144,China,6.84,20%
74,Cherlyn,Foro,cforo21@altervista.org,Female,35.180.38.121,Japan,11.68,20%
75,Godfry,Fitzharris,gfitzharris22@reddit.com,Male,45.216.45.204,Philippines,75.52,5%
76,Jens,Bristow,jbristow23@apple.com,Male,47.138.100.243,Central African Republic,40.71,5%
77,Saundra,Shortin,sshortin24@telegraph.co.uk,Female,183.150.82.244,Poland,43.67,20%
78,Willie,Manton,wmanton25@prweb.com,Female,185.224.227.35,China,45.25,20%
79,Petr,Runsey,prunsey26@indiegogo.com,Male,23.189.98.184,Myanmar,2.23,20%
80,Pete,Duggan,pduggan27@google.co.uk,Male,141.78.24.153,Russia,47.08,5%
81,Regan,Adshad,radshad28@mozilla.org,Male,179.65.166.185,Japan,3.39,20%
82,Ettore,Izen,eizen29@cnet.com,Male,81.80.51.72,Canada,71.48,20%
83,Jobyna,Tomson,jtomson2a@addtoany.com,Polygender,195.72.153.167,Japan,1.63,20%
84,Natala,Sworne,nsworne2b@blogtalkradio.com,Female,115.212.50.125,France,76.26,20%
85,Mathilde,Walbrun,mwalbrun2c@1688.com,Female,3.87.116.36,Portugal,46.42,20%
86,Irv,Dryburgh,idryburgh2d@ehow.com,Male,119.39.168.252,Portugal,72.24,20%
87,Boycey,Cullerne,bcullerne2e@homestead.com,Male,18.187.247.137,South Africa,92.18,20%
88,Gabie,Pratley,gpratley2f@joomla.org,Male,120.192.72.162,Palestinian Territory,49.72,20%
89,Urban,Covil,ucovil2g@who.int,Male,200.155.138.89,Ecuador,89.1,5%
90,Philip,Tureville,ptureville2h@dropbox.com,Male,70.253.47.228,Philippines,78.19,5%
91,Barde,Norris,bnorris2i@blogtalkradio.com,Polygender,125.88.117.68,Philippines,73.56,20%
92,Gian,Gearing,ggearing2j@goo.gl,Genderfluid,140.214.46.193,Indonesia,26.47,20%
93,Donaugh,Harmond,dharmond2k@jimdo.com,Male,240.66.25.1,China,30.4,20%
94,Thorndike,McIlharga,tmcilharga2l@deliciousdays.com,Male,29.238.195.158,China,4.27,20%
95,Mattias,Donaghy,mdonaghy2m@1und1.de,Male,210.97.209.140,Togo,12.28,20%
96,Royal,Jori,rjori2n@bigcartel.com,Male,180.172.4.118,Ukraine,61.61,20%
97,Dirk,Cominotti,dcominotti2o@cnn.com,Male,190.6.117.199,Pakistan,66.13,20%
98,Johannah,Potten,jpotten2p@artisteer.com,Female,193.190.0.163,China,17.89,5%
99,Boonie,Melmore,bmelmore2q@mayoclinic.com,Male,136.250.36.80,Finland,37.64,20%
100,Lelah,Dearle-Palser,ldearlepalser2r@wiley.com,Female,158.78.21.38,Czech Republic,56.93,5%
101,Cassondra,Cahani,ccahani2s@yolasite.com,Female,141.245.136.9,China,36.42,20%
102,Brynna,Moxom,bmoxom2t@webnode.com,Female,180.215.42.46,Poland,63.56,20%
103,Bogey,Canning,bcanning2u@hatena.ne.jp,Male,212.57.34.225,China,52.89,20%
104,Alexio,Lunt,alunt2v@mozilla.com,Male,195.63.183.135,Brazil,92.09,5%
105,Uri,Berthelet,uberthelet2w@wikispaces.com,Genderqueer,130.133.26.223,Brazil,16.7,5%
106,Matthus,Broadway,mbroadway2x@blogspot.com,Male,231.21.91.142,Indonesia,38.13,5%
107,Candie,Wrotham,cwrotham2y@arizona.edu,Female,25.109.39.129,France,61.78,20%
108,Lorie,Drewett,ldrewett2z@usgs.gov,Non-binary,177.73.229.237,Latvia,52.63,5%
109,Sadella,Rolinson,srolinson30@howstuffworks.com,Female,230.64.190.233,Nigeria,2.45,20%
110,Ninette,Blundell,nblundell31@163.com,Female,201.148.48.56,Indonesia,48.82,20%
111,Barrie,Ojeda,bojeda32@4shared.com,Female,88.161.247.63,Russia,44.77,5%
112,Pansy,Jeste,pjeste33@gizmodo.com,Female,58.189.234.225,Philippines,89.28,5%
113,Alene,Damerell,adamerell34@goo.ne.jp,Female,106.16.26.59,China,23.83,20%
114,Cherry,Yantsev,cyantsev35@eepurl.com,Female,91.134.43.203,China,54.41,20%
115,Ware,Skein,wskein36@apple.com,Male,209.106.232.223,Ethiopia,14.54,20%
116,Lydie,Scothron,lscothron37@bluehost.com,Female,212.42.174.132,Russia,45.14,5%
117,Alysia,Seefus,aseefus38@xing.com,Female,52.159.210.222,Russia,44.04,5%
118,Kissiah,Alty,kalty39@reference.com,Female,182.78.206.30,Nigeria,87.55,20%
119,Corbett,Diboll,cdiboll3a@marketwatch.com,Polygender,136.135.11.93,China,26.38,20%
120,Meier,Caulket,mcaulket3b@weibo.com,Male,182.188.140.137,Tanzania,66.59,20%
121,Reg,Whittington,rwhittington3c@uiuc.edu,Male,118.14.54.78,Armenia,64.68,20%
122,Justine,Peebles,jpeebles3d@gmpg.org,Female,24.18.230.199,Argentina,92.1,20%
123,Karina,Gallatly,kgallatly3e@mtv.com,Female,187.93.142.240,China,36.67,20%
124,Carr,Hullins,chullins3f@mysql.com,Male,157.70.77.32,Japan,30.62,20%
125,Chanda,Wickwarth,cwickwarth3g@slashdot.org,Female,88.168.72.124,China,13.96,20%
126,Nealy,Bertson,nbertson3h@naver.com,Genderqueer,144.133.173.117,Malaysia,17.18,5%
127,Sheffy,Threlkeld,sthrelkeld3i@tmall.com,Male,135.71.80.47,Philippines,76.02,5%
128,Gustavus,Sam,gsam3j@uol.com.br,Agender,205.226.181.123,Nigeria,96.56,20%
129,Emeline,Franciskiewicz,efranciskiewicz3k@aol.com,Female,252.211.168.99,Philippines,72.8,5%
130,Brittney,Serjeantson,bserjeantson3l@jiathis.com,Female,118.172.73.162,China,64.22,20%
131,Ameline,Gowenlock,agowenlock3m@exblog.jp,Female,182.173.85.183,Indonesia,38.4,5%
132,Tandy,Handscombe,thandscombe3n@hc360.com,Polygender,152.6.228.66,Spain,22.21,5%
133,Fransisco,Merali,fmerali3o@nih.gov,Polygender,105.250.26.30,Russia,45.1,20%
134,Sylvan,Andre,sandre3p@ow.ly,Male,127.195.153.101,Brazil,91.18,20%
135,Richy,Mayzes,rmayzes3q@yelp.com,Male,145.232.107.45,Vietnam,81.37,5%
136,Wyn,Labram,wlabram3r@tiny.cc,Male,160.202.97.194,Mexico,24.88,20%
137,Malvin,Gostall,mgostall3s@auda.org.au,Male,67.28.167.255,Indonesia,54.29,20%
138,Marlena,Urch,murch3t@canalblog.com,Genderfluid,64.186.199.206,Tunisia,86.75,5%
139,Vaclav,MacGinley,vmacginley3u@ucoz.com,Male,225.26.243.125,China,37.49,20%
140,Clarabelle,Sodory,csodory3v@pbs.org,Female,117.218.66.223,Poland,35.51,5%
141,Sherri,Redhouse,sredhouse3w@arizona.edu,Female,129.44.15.219,Canada,57.33,20%
142,Jeno,Spatig,jspatig3x@google.com.hk,Male,211.125.95.39,Indonesia,99.72,20%
143,Osborne,Larive,olarive3y@pbs.org,Polygender,233.114.179.132,China,5.34,5%
144,Darci,Demko,ddemko3z@npr.org,Female,192.41.238.255,Costa Rica,56.77,20%
145,Alexi,Fahy,afahy40@facebook.com,Agender,224.121.2.242,China,66.07,20%
146,Julina,Bruneton,jbruneton41@princeton.edu,Female,92.179.97.211,Nicaragua,99.7,20%
147,Anitra,Bortolussi,abortolussi42@adobe.com,Female,79.7.137.103,China,18.03,20%
148,Neall,Geator,ngeator43@xing.com,Male,23.117.212.31,France,71.23,5%
149,Paulie,Darco,pdarco44@mediafire.com,Female,103.82.173.215,Honduras,7.11,20%
150,Bogart,Braz,bbraz45@ehow.com,Male,105.85.124.175,Sweden,3.19,20%
151,Meaghan,Knewstubb,mknewstubb46@youtube.com,Female,154.197.175.102,Russia,65.09,20%
152,Hendrik,Crosier,hcrosier47@china.com.cn,Male,154.35.82.2,Indonesia,58.31,20%
153,Kimble,McInnery,kmcinnery48@webeden.co.uk,Male,190.60.70.122,Argentina,31.7,5%
154,Richmound,Rowbottam,rrowbottam49@geocities.jp,Male,80.54.52.232,El Salvador,66.26,20%
155,Georgia,Doolan,gdoolan4a@wikia.com,Female,122.36.151.125,Poland,96.36,20%
156,Verne,Pointin,vpointin4b@opera.com,Male,172.76.175.221,Portugal,47.3,20%
157,Jo,Baughn,jbaughn4c@hostgator.com,Female,27.255.78.44,Egypt,13.2,20%
158,Nettle,Littledyke,nlittledyke4d@blogtalkradio.com,Female,74.47.77.193,Mongolia,55.64,20%
159,Ray,Phizackarley,rphizackarley4e@netvibes.com,Male,141.35.15.240,China,67.43,20%
160,Anabelle,Issakov,aissakov4f@sohu.com,Female,142.228.113.26,China,36.69,20%
161,Demetris,Bodemeaid,dbodemeaid4g@cdbaby.com,Male,226.44.197.166,Malta,7.78,20%
162,Amargo,Lavalde,alavalde4h@soup.io,Female,236.217.1.16,Bahrain,77.43,20%
163,Leelah,Alexandersson,lalexandersson4i@eepurl.com,Female,186.30.31.190,Albania,54.16,20%
164,Shanna,Penwright,spenwright4j@scientificamerican.com,Female,88.199.35.199,Indonesia,14.38,20%
165,Bastien,Lawrenz,blawrenz4k@latimes.com,Male,249.46.124.52,Cameroon,73.54,20%
166,Armstrong,Coughlan,acoughlan4l@comsenz.com,Male,82.69.119.1,Peru,59.83,20%
167,Fredelia,Bumford,fbumford4m@abc.net.au,Female,158.254.6.162,Russia,46.57,20%
168,Hannah,Birkmyr,hbirkmyr4n@skyrock.com,Female,47.146.128.126,Mongolia,10.29,20%
169,Lynnell,Filipiak,lfilipiak4o@house.gov,Female,104.131.161.178,Myanmar,80.21,20%
170,Flossy,Alyoshin,falyoshin4p@wsj.com,Female,56.126.17.46,Belarus,17.94,5%
171,Trumann,Narducci,tnarducci4q@sohu.com,Polygender,12.12.173.81,Russia,33.07,20%
172,Phoebe,Esplin,pesplin4r@goodreads.com,Female,84.125.63.19,Madagascar,81.66,20%
173,Joceline,Worvell,jworvell4s@squarespace.com,Female,110.204.101.184,China,27.11,20%
174,Maurizio,Le Jean,mlejean4t@nhs.uk,Genderfluid,174.135.132.60,China,56.83,20%
175,Galvan,Stolli,gstolli4u@istockphoto.com,Male,103.163.171.14,France,98.83,5%
176,Ibby,Kivelhan,ikivelhan4v@fda.gov,Polygender,150.126.74.76,Brazil,81.98,20%
177,Cyrus,Harbinson,charbinson4w@zdnet.com,Male,131.236.70.123,China,66.91,20%
178,Gino,Murch,gmurch4x@networksolutions.com,Male,154.62.187.176,France,13.73,20%
179,Chantal,Ghiriardelli,cghiriardelli4y@dion.ne.jp,Female,253.178.71.9,China,5.54,20%
180,Akim,Caurah,acaurah4z@histats.com,Male,23.164.163.253,Azerbaijan,14.41,20%
181,Doti,Crane,dcrane50@blogger.com,Female,17.230.208.209,China,83.37,5%
182,Hilde,Birchett,hbirchett51@blog.com,Female,141.14.86.176,Russia,94.22,20%
183,Robbert,Baughn,rbaughn52@loc.gov,Male,234.181.22.72,China,90.0,20%
184,Jarred,Bamforth,jbamforth53@ted.com,Male,11.112.252.164,Sweden,93.74,20%
185,Urbain,Brafferton,ubrafferton54@indiatimes.com,Male,176.53.131.152,Indonesia,41.88,20%
186,Lind,Ludewig,lludewig55@google.ca,Male,125.236.120.29,Ethiopia,78.42,20%
187,Cherye,Burle,cburle56@webmd.com,Genderfluid,41.116.75.106,Poland,91.71,20%
188,Myrna,De Bischof,mdebischof57@hp.com,Female,118.123.40.238,Philippines,45.22,20%
189,Dukey,Woan,dwoan58@google.ru,Male,17.10.179.171,Greece,75.7,5%
190,Kay,Seeger,kseeger59@imageshack.us,Female,60.244.81.104,Philippines,72.13,5%
191,Melany,Ferretti,mferretti5a@hexun.com,Female,230.169.48.102,Indonesia,72.19,5%
192,Rivkah,Setchfield,rsetchfield5b@spotify.com,Female,206.53.81.173,Brazil,27.29,5%
193,Rutger,Caldero,rcaldero5c@meetup.com,Male,67.109.80.113,Greece,15.16,20%
194,Bendite,Eick,beick5d@wikispaces.com,Agender,141.106.140.233,Canada,45.06,5%
195,Lyndell,Gartell,lgartell5e@answers.com,Female,75.65.162.188,Philippines,41.03,20%
196,Martainn,Saddington,msaddington5f@usgs.gov,Male,112.179.240.81,Brazil,57.41,20%
197,Phylis,Rigmond,prigmond5g@vimeo.com,Female,48.190.59.224,Ukraine,33.64,20%
198,Karoly,Deveral,kdeveral5h@jiathis.com,Female,164.145.152.73,Russia,57.73,20%
199,Sonja,Bachellier,sbachellier5i@seesaa.net,Female,108.165.98.140,China,26.91,5%
200,Michal,Dunican,mdunican5j@cbslocal.com,Male,17.100.205.81,Indonesia,31.47,20%
201,Yorgo,Tomalin,ytomalin5k@digg.com,Male,213.129.204.165,Indonesia,80.91,5%
202,Betteanne,Netley,bnetley5l@behance.net,Female,96.153.28.81,Indonesia,30.06,20%
203,Olva,Skillett,oskillett5m@canalblog.com,Female,228.193.58.177,Brazil,99.77,20%
204,Syd,Getley,sgetley5n@google.de,Male,254.26.2.18,China,77.21,20%
205,Orin,Bromfield,obromfield5o@who.int,Male,252.59.92.104,Thailand,22.45,20%
206,Monro,Mahood,mmahood5p@pagesperso-orange.fr,Male,85.25.209.188,Canada,83.15,5%
207,Derrick,Valance,dvalance5q@homestead.com,Male,38.115.175.231,Lebanon,6.92,5%
208,Ingrim,Ritzman,iritzman5r@alibaba.com,Male,208.21.48.191,France,31.46,5%
209,Yehudi,Findon,yfindon5s@vkontakte.ru,Male,65.54.169.31,Indonesia,12.79,20%
210,Henry,Horribine,hhorribine5t@squidoo.com,Male,217.11.33.140,China,8.8,20%
211,Weidar,Taft,wtaft5u@yellowbook.com,Male,188.105.16.159,China,96.26,20%
212,Ezra,Boichat,eboichat5v@feedburner.com,Male,188.165.130.141,Brazil,25.03,5%
213,Cheston,McNeice,cmcneice5w@jigsy.com,Male,141.104.189.176,China,35.29,5%
214,Amelina,Berick,aberick5x@flickr.com,Female,134.149.23.211,China,14.64,20%
215,Hillel,Mackrill,hmackrill5y@netvibes.com,Male,113.67.12.202,Philippines,61.12,20%
216,Arny,Burchatt,aburchatt5z@sbwire.com,Polygender,121.177.194.164,Sweden,50.47,20%
217,Dew,MacLese,dmaclese60@cbsnews.com,Male,30.189.126.72,China,66.65,5%
218,Nedda,Jillions,njillions61@amazon.com,Polygender,116.228.0.107,United States,9.12,20%
219,Dorette,Chmarny,dchmarny62@ustream.tv,Female,68.8.65.241,Indonesia,78.14,20%
220,Mackenzie,Edsell,medsell63@harvard.edu,Male,90.6.142.250,Thailand,81.22,20%
221,Darbee,Kernar,dkernar64@fda.gov,Male,203.7.169.45,Portugal,3.61,5%
222,Carl,Ammer,cammer65@oaic.gov.au,Male,241.240.100.22,Portugal,70.84,20%
223,Nickey,McArthur,nmcarthur66@mozilla.com,Male,243.208.118.179,Indonesia,65.91,5%
224,Lorrie,Kirkbride,lkirkbride67@npr.org,Agender,53.128.236.236,Portugal,50.83,20%
225,Torrin,Dowry,tdowry68@nba.com,Male,94.11.86.189,France,54.86,5%
226,Barbara,Guiet,bguiet69@goodreads.com,Female,54.134.15.248,Brazil,48.17,20%
227,Bette,Huie,bhuie6a@nba.com,Female,65.42.20.228,Indonesia,48.49,20%
228,Athene,Huggon,ahuggon6b@mapquest.com,Female,134.11.106.127,China,11.96,20%
229,Jock,Impleton,jimpleton6c@multiply.com,Male,109.16.224.191,Poland,45.34,20%
230,Horatius,Wohlers,hwohlers6d@youtu.be,Male,79.255.5.57,Brazil,82.68,20%
231,Jori,Bridgett,jbridgett6e@cbc.ca,Female,227.176.183.147,Philippines,72.0,20%
232,Giorgi,Liquorish,gliquorish6f@ibm.com,Male,113.243.82.223,Sudan,66.93,5%
233,Johanna,MacCartan,jmaccartan6g@1688.com,Female,198.22.58.164,Portugal,64.39,20%
234,Morgan,Grinikhin,mgrinikhin6h@godaddy.com,Female,218.12.228.155,China,92.68,5%
235,Marylynne,Snashall,msnashall6i@sbwire.com,Female,165.21.84.237,Sweden,70.76,5%
236,Ralina,Pilling,rpilling6j@nationalgeographic.com,Female,206.134.134.162,China,4.98,20%
237,Derk,Ismay,dismay6k@mapy.cz,Male,92.47.52.218,Indonesia,85.71,20%
238,Tully,Duiguid,tduiguid6l@comsenz.com,Agender,202.149.174.151,China,25.34,20%
239,Gard,Daniellot,gdaniellot6m@twitter.com,Male,171.87.185.167,South Korea,94.21,20%
240,Kelcie,Shepherdson,kshepherdson6n@stanford.edu,Female,39.138.132.193,China,47.38,20%
241,Early,Wofenden,ewofenden6o@chicagotribune.com,Male,96.201.163.157,Poland,92.14,20%
242,Tommi,Gransden,tgransden6p@seesaa.net,Female,35.88.76.249,China,25.41,20%
243,Royal,Parsonson,rparsonson6q@topsy.com,Male,185.116.244.169,China,94.0,20%
244,Steve,Mallison,smallison6r@last.fm,Male,121.43.48.202,Indonesia,28.97,5%
245,Talbert,Grent,tgrent6s@stumbleupon.com,Male,189.59.46.148,China,4.44,5%
246,Sile,Buse,sbuse6t@bluehost.com,Female,100.195.176.165,Ivory Coast,99.93,20%
247,Letitia,Naylor,lnaylor6u@mapquest.com,Female,223.146.74.254,Thailand,84.09,20%
248,Silvano,Farlow,sfarlow6v@github.com,Male,165.99.128.167,China,11.55,20%
249,Marcela,Zamorrano,mzamorrano6w@so-net.ne.jp,Female,230.0.153.214,Russia,62.01,5%
250,Sterne,Pincked,spincked6x@jigsy.com,Male,163.81.181.14,China,77.7,20%
251,Euell,Scarr,escarr6y@hugedomains.com,Male,137.132.66.68,Mexico,78.92,5%
252,Rica,Capelen,rcapelen6z@goodreads.com,Female,19.141.1.180,Egypt,78.76,5%
253,Belita,Grelik,bgrelik70@exblog.jp,Female,230.136.91.182,Azerbaijan,48.61,20%
254,Dyana,Sapshed,dsapshed71@csmonitor.com,Female,187.70.144.34,Indonesia,23.56,20%
255,Gayelord,Tuttle,gtuttle72@ameblo.jp,Male,129.80.26.184,Sweden,99.04,5%
256,Mildrid,Keates,mkeates73@answers.com,Non-binary,140.84.10.39,Syria,1.26,20%
257,Goldie,Filyashin,gfilyashin74@pbs.org,Female,156.116.131.73,France,96.93,5%
258,Phineas,Penhaligon,ppenhaligon75@sitemeter.com,Male,52.81.244.84,Ukraine,48.86,20%
259,Fara,Adams,fadams76@furl.net,Female,7.34.33.75,Indonesia,28.84,5%
260,Lindie,Kilbane,lkilbane77@mail.ru,Female,238.18.34.2,China,61.89,20%
261,Arron,Betancourt,abetancourt78@wikispaces.com,Male,16.93.47.101,Philippines,77.95,5%
262,Rabbi,Bowcock,rbowcock79@ted.com,Male,249.208.40.44,China,45.19,20%
263,Jacques,Capeloff,jcapeloff7a@themeforest.net,Male,86.226.199.171,Afghanistan,98.1,20%
264,Bobbi,Burberye,bburberye7b@nsw.gov.au,Female,28.131.36.239,Portugal,28.71,20%
265,Terza,Warby,twarby7c@howstuffworks.com,Female,234.156.158.30,China,69.38,20%
266,Carly,Spurway,cspurway7d@columbia.edu,Male,8.35.201.152,China,17.42,20%
267,Marysa,Lukasik,mlukasik7e@nba.com,Female,115.42.238.158,South Africa,5.87,20%
268,Lynnett,Lissaman,llissaman7f@mail.ru,Female,23.137.171.61,Russia,91.89,20%
269,Daven,Fricke,dfricke7g@liveinternet.ru,Male,194.52.82.91,Canada,52.34,20%
270,Lyn,Schroder,lschroder7h@examiner.com,Female,243.233.124.129,Portugal,9.49,20%
271,Luci,Brodway,lbrodway7i@abc.net.au,Female,148.152.26.169,United States,18.97,5%
272,Norman,Paull,npaull7j@princeton.edu,Male,53.12.202.119,China,47.84,20%
273,Gan,Guirardin,gguirardin7k@fastcompany.com,Male,19.202.51.224,Indonesia,83.96,20%
274,Alexa,O'Tuohy,aotuohy7l@toplist.cz,Female,24.47.2.149,Serbia,33.31,5%
275,Terri-jo,Scotford,tscotford7m@hexun.com,Genderqueer,150.162.177.156,China,65.72,20%
276,Frasco,Elie,felie7n@wordpress.com,Male,214.188.246.35,Nepal,41.8,20%
277,Arman,Bernholt,abernholt7o@abc.net.au,Male,209.29.252.230,Thailand,63.54,20%
278,Joshia,Cyson,jcyson7p@disqus.com,Male,223.63.175.179,Kazakhstan,83.47,20%
279,Dre,Oldford,doldford7q@e-recht24.de,Female,247.231.49.94,China,20.59,5%
280,Mayer,Solway,msolway7r@jigsy.com,Male,17.237.196.127,Thailand,52.53,5%
281,Hanson,Malim,hmalim7s@tuttocitta.it,Male,116.115.0.186,Russia,74.72,20%
282,Alexia,Gonzales,agonzales7t@aol.com,Female,160.211.89.184,Brazil,53.12,20%
283,Dion,Sterman,dsterman7u@twitpic.com,Female,76.71.222.72,United States,39.99,5%
284,Niki,Bream,nbream7v@apple.com,Female,38.180.179.110,Malaysia,65.6,5%
285,Hill,Ruos,hruos7w@1und1.de,Male,61.150.86.11,Sweden,57.22,20%
286,Urbanus,Howis,uhowis7x@soup.io,Agender,12.117.135.122,China,70.85,20%
287,Ardyce,Grioli,agrioli7y@oaic.gov.au,Agender,2.230.181.52,France,17.17,20%
288,Esma,Lanon,elanon7z@instagram.com,Female,214.37.146.235,Brazil,27.49,5%
289,Emmott,Keems,ekeems80@shinystat.com,Bigender,14.132.222.123,Indonesia,29.29,20%
290,Myrvyn,Blodgett,mblodgett81@cbc.ca,Male,204.125.221.153,France,95.99,5%
291,Gabriella,Jubb,gjubb82@yahoo.co.jp,Female,245.5.248.64,Portugal,83.64,5%
292,Jobye,Thebes,jthebes83@theglobeandmail.com,Genderqueer,228.112.239.65,Portugal,74.63,20%
293,Charley,Eakeley,ceakeley84@people.com.cn,Male,4.11.250.245,China,87.76,20%
294,Rutter,Leed,rleed85@time.com,Male,96.30.117.139,Mexico,82.91,20%
295,Colly,Stuckes,cstuckes86@zimbio.com,Female,46.111.112.17,Armenia,29.09,20%
296,Charley,De Courtney,cdecourtney87@zdnet.com,Male,76.45.118.160,Tunisia,71.04,5%
297,Lamont,Blenkensop,lblenkensop88@paginegialle.it,Male,177.81.73.103,Indonesia,20.69,5%
298,Honoria,Skeldinge,hskeldinge89@paginegialle.it,Female,36.40.84.178,Portugal,29.25,20%
299,Halette,Kiffin,hkiffin8a@hp.com,Female,222.192.114.253,China,80.88,20%
300,Elna,Drakeford,edrakeford8b@discuz.net,Female,86.50.203.72,Nepal,41.33,20%
301,Pammi,Scola,pscola8c@amazon.co.jp,Female,188.170.39.250,China,38.47,20%
302,Edeline,Walrond,ewalrond8d@yandex.ru,Female,33.212.16.138,China,97.43,5%
303,Marleen,von Hagt,mvonhagt8e@answers.com,Female,119.66.76.117,Philippines,18.06,20%
304,Consuela,Vanderson,cvanderson8f@virginia.edu,Female,183.223.99.120,China,41.15,20%
305,Roi,Mettricke,rmettricke8g@altervista.org,Agender,162.182.20.184,Tanzania,83.93,5%
306,Barn,Hucquart,bhucquart8h@bloglines.com,Male,2.160.245.53,Indonesia,70.25,5%
307,Micki,Lazenby,mlazenby8i@nba.com,Female,100.90.102.139,Czech Republic,11.43,20%
308,Peter,Huet,phuet8j@businessweek.com,Male,123.205.192.224,Portugal,74.7,20%
309,Torey,Yurasov,tyurasov8k@google.com.au,Female,64.7.107.177,Colombia,99.24,5%
310,Kev,Peltz,kpeltz8l@blogspot.com,Male,239.77.24.104,Indonesia,17.91,5%
311,Burgess,Cordier,bcordier8m@hibu.com,Male,235.16.13.187,United States,89.87,20%
312,Rachel,Losebie,rlosebie8n@webmd.com,Female,107.173.81.21,South Africa,19.16,20%
313,Aldwin,Trotton,atrotton8o@geocities.jp,Male,48.233.195.253,Ukraine,27.35,20%
314,Berton,Denness,bdenness8p@kickstarter.com,Male,126.33.6.150,Philippines,11.82,5%
315,Kaela,De Angelo,kdeangelo8q@cam.ac.uk,Female,22.141.172.65,Zambia,47.38,20%
316,Rodina,Hellmer,rhellmer8r@goo.gl,Female,205.155.200.211,Burkina Faso,12.86,5%
317,Cully,Dockery,cdockery8s@wsj.com,Male,131.239.44.18,China,10.52,20%
318,Rafe,Ploughwright,rploughwright8t@google.pl,Male,151.242.119.235,Russia,50.13,5%
319,Gabriello,Ridgewell,gridgewell8u@arizona.edu,Male,44.94.101.52,Philippines,99.3,20%
320,Tremaine,Scryne,tscryne8v@nba.com,Male,241.162.91.90,China,96.89,5%
321,Ardra,Backs,abacks8w@webmd.com,Female,151.33.253.76,Portugal,1.52,5%
322,Khalil,O'Carroll,kocarroll8x@rakuten.co.jp,Male,169.61.165.82,Sweden,81.53,20%
323,Rourke,Froud,rfroud8y@npr.org,Male,10.192.181.14,China,46.73,20%
324,Madeleine,Dane,mdane8z@delicious.com,Female,76.12.160.55,Ukraine,21.04,5%
325,Issie,Erwin,ierwin90@typepad.com,Female,122.110.58.0,Philippines,16.13,20%
326,Levin,Kenlin,lkenlin91@utexas.edu,Male,153.34.244.195,Costa Rica,27.54,20%
327,Nicolle,Panter,npanter92@ebay.com,Female,90.48.169.171,Philippines,28.12,20%
328,Alana,Volet,avolet93@usa.gov,Female,142.73.165.194,Russia,40.67,5%
329,Goldi,Dorton,gdorton94@elegantthemes.com,Genderqueer,193.22.161.198,Portugal,89.06,20%
330,Ashley,Byrth,abyrth95@diigo.com,Male,227.192.245.125,Ukraine,9.84,20%
331,Germaine,Prewett,gprewett96@amazon.co.jp,Female,66.140.68.179,Croatia,60.65,20%
332,Dougie,Rayment,drayment97@last.fm,Male,99.73.254.247,Zimbabwe,70.5,20%
333,Muhammad,Bingell,mbingell98@dot.gov,Male,12.148.75.163,Indonesia,7.44,20%
334,Ashbey,Lorimer,alorimer99@miibeian.gov.cn,Male,116.39.154.11,Indonesia,49.24,20%
335,Sapphira,Gallimore,sgallimore9a@shinystat.com,Female,151.81.82.252,Yemen,93.46,20%
336,Eugene,Westnedge,ewestnedge9b@dagondesign.com,Male,12.250.227.227,Portugal,99.22,20%
337,Karyn,McBrier,kmcbrier9c@princeton.edu,Female,134.247.107.43,Colombia,25.28,5%
338,Adham,Nuzzti,anuzzti9d@smugmug.com,Male,166.117.250.36,China,62.56,20%
339,Austen,Havvock,ahavvock9e@thetimes.co.uk,Male,169.122.181.147,France,74.72,5%
340,Wakefield,Thunderman,wthunderman9f@google.com.au,Genderqueer,122.197.174.101,France,68.7,20%
341,Max,Traske,mtraske9g@china.com.cn,Female,10.109.138.2,Tanzania,10.76,20%
342,Lemmy,Stanyer,lstanyer9h@oakley.com,Male,80.152.54.28,Colombia,64.47,5%
343,Keefe,Paddison,kpaddison9i@delicious.com,Male,14.100.106.105,China,57.99,5%
344,Daniela,Stoller,dstoller9j@stumbleupon.com,Female,49.254.231.145,Burkina Faso,50.69,20%
345,Devon,Corssen,dcorssen9k@globo.com,Female,21.122.108.197,Indonesia,25.82,5%
346,Brnaba,Luscott,bluscott9l@nhs.uk,Male,22.35.158.170,China,66.74,20%
347,Collie,Portwain,cportwain9m@joomla.org,Bigender,127.64.141.19,Poland,89.23,20%
348,Rodrick,Marrow,rmarrow9n@lycos.com,Genderqueer,74.130.165.62,Poland,59.82,20%
349,Trudey,Clearley,tclearley9o@jugem.jp,Female,137.140.117.238,Portugal,76.24,5%
350,Reina,Ash,rash9p@sakura.ne.jp,Agender,203.59.201.63,Indonesia,23.94,5%
351,Riobard,Taylour,rtaylour9q@nyu.edu,Male,69.143.43.167,France,30.26,20%
352,Moore,Pullinger,mpullinger9r@creativecommons.org,Agender,183.156.211.239,Greece,43.24,20%
353,Antonius,Clewes,aclewes9s@auda.org.au,Male,77.45.202.124,Sweden,18.25,20%
354,Katherina,Kiledal,kkiledal9t@fc2.com,Female,63.65.70.191,Honduras,49.87,20%
355,Philipa,Cristou,pcristou9u@e-recht24.de,Female,198.232.135.234,Portugal,70.64,20%
356,Anallese,Radish,aradish9v@lulu.com,Female,174.191.2.83,Russia,87.17,20%
357,Aridatha,Yeldham,ayeldham9w@nydailynews.com,Female,103.41.235.74,Philippines,50.24,20%
358,Jackson,Towhey,jtowhey9x@icio.us,Male,126.63.214.119,Philippines,46.03,5%
359,Reid,Vant,rvant9y@homestead.com,Male,104.121.83.11,Ukraine,9.5,5%
360,Rabbi,Jeavons,rjeavons9z@npr.org,Male,179.248.84.193,Colombia,35.61,5%
361,Brendan,Liversedge,bliversedgea0@google.co.jp,Male,2.4.172.124,Sweden,57.31,5%
362,Gerome,Kierans,gkieransa1@delicious.com,Male,228.124.73.237,Serbia,7.67,5%
363,Danila,Dripps,ddrippsa2@odnoklassniki.ru,Polygender,187.197.65.93,China,75.36,20%
364,Tonia,Dyers,tdyersa3@aboutads.info,Female,209.234.18.61,Brazil,40.19,20%
365,Helli,Brisset,hbrisseta4@ucoz.ru,Female,23.42.74.105,Russia,47.18,5%
366,Elva,MacCleod,emaccleoda5@nhs.uk,Female,100.63.234.3,South Korea,34.62,20%
367,Sayer,Shergold,sshergolda6@upenn.edu,Male,0.243.148.215,China,75.12,20%
368,Clair,Shillam,cshillama7@auda.org.au,Bigender,86.51.99.16,China,72.03,20%
369,Gannie,Bossingham,gbossinghama8@mysql.com,Male,231.68.94.12,Serbia,92.92,20%
370,Patrick,Mackrell,pmackrella9@mapquest.com,Male,132.57.117.214,Philippines,47.63,5%
371,Deeann,Trolley,dtrolleyaa@pagesperso-orange.fr,Female,185.0.239.23,Armenia,35.21,20%
372,Lazar,Raynton,lrayntonab@nationalgeographic.com,Male,139.96.109.17,Cameroon,51.12,20%
373,Gert,Lambis,glambisac@geocities.jp,Female,139.228.57.177,Latvia,36.78,5%
374,Chris,Applegate,capplegatead@pbs.org,Male,102.133.152.110,Malta,47.85,20%
375,Weber,Skelhorn,wskelhornae@deliciousdays.com,Male,239.249.74.0,Argentina,58.61,20%
376,Jacky,Cushe,jcusheaf@barnesandnoble.com,Female,125.252.36.78,Denmark,4.8,5%
377,Cecilio,Pryell,cpryellag@reddit.com,Male,14.215.30.208,Portugal,61.53,5%
378,Virgil,De Cruze,vdecruzeah@cafepress.com,Male,206.149.61.20,Indonesia,78.48,20%
379,Yvon,Sarrell,ysarrellai@homestead.com,Male,246.152.41.175,Philippines,14.55,20%
380,Rad,Muncie,rmuncieaj@yandex.ru,Male,54.63.96.175,Guatemala,18.38,5%
381,Kenn,Cisar,kcisarak@dion.ne.jp,Male,227.230.115.245,Bosnia and Herzegovina,65.15,20%
382,Madelaine,Billsberry,mbillsberryal@elpais.com,Female,96.15.17.186,Indonesia,3.52,20%
383,Moss,Slowgrove,mslowgroveam@odnoklassniki.ru,Male,91.206.51.40,Indonesia,95.07,20%
384,Mimi,Feuell,mfeuellan@sfgate.com,Female,254.164.97.220,Estonia,7.28,20%
385,Sheree,McCafferky,smccafferkyao@yellowbook.com,Female,30.219.65.84,Sweden,30.22,20%
386,Tommy,Coddington,tcoddingtonap@google.co.uk,Female,23.215.216.184,Philippines,96.06,20%
387,Editha,Halsworth,ehalsworthaq@washingtonpost.com,Female,172.16.252.148,Peru,86.4,20%
388,Martie,Byneth,mbynethar@cbsnews.com,Female,240.185.182.124,Canada,20.56,20%
389,Micky,Lawdham,mlawdhamas@cisco.com,Male,93.119.38.23,Brazil,53.72,20%
390,Bev,O'Finan,bofinanat@discuz.net,Bigender,241.161.113.168,China,69.27,20%
391,Jaquenette,McArd,jmcardau@msn.com,Female,6.221.94.200,China,86.91,20%
392,Sofia,Calvey,scalveyav@nymag.com,Female,222.127.220.233,Philippines,26.97,5%
393,Michael,Aguirrezabala,maguirrezabalaaw@toplist.cz,Male,104.137.5.245,Morocco,25.55,20%
394,Pren,Phillott,pphillottax@elegantthemes.com,Male,203.72.169.39,Bhutan,24.83,20%
395,Kane,Mowles,kmowlesay@google.fr,Male,149.199.105.166,Russia,88.07,20%
396,Early,Haxby,ehaxbyaz@berkeley.edu,Male,206.170.252.26,China,31.63,20%
397,Terza,Binks,tbinksb0@hhs.gov,Female,173.101.146.208,China,22.39,20%
398,Ware,Longland,wlonglandb1@tripadvisor.com,Male,66.225.160.20,Poland,80.05,20%
399,Mohammed,Barrick,mbarrickb2@gizmodo.com,Male,114.66.140.140,Lithuania,79.19,20%
400,Fawnia,Dolby,fdolbyb3@github.io,Female,132.147.90.67,China,60.46,20%
401,Kerrie,Extal,kextalb4@addthis.com,Female,153.250.71.6,Greece,18.85,5%
402,Elie,Dillintone,edillintoneb5@histats.com,Female,210.191.37.231,South Africa,87.61,20%
403,Wash,Plaunch,wplaunchb6@amazon.co.uk,Male,3.231.18.5,Germany,64.04,5%
404,Paulie,Newhouse,pnewhouseb7@uiuc.edu,Male,209.217.14.107,Indonesia,30.27,20%
405,Putnem,Magee,pmageeb8@yolasite.com,Male,32.226.170.102,Venezuela,85.15,20%
406,Frazier,Lamplugh,flamplughb9@alexa.com,Male,4.224.21.199,Malta,42.25,20%
407,Aldric,Le Quesne,alequesneba@istockphoto.com,Male,7.205.78.115,Egypt,17.59,20%
408,Odessa,Chantillon,ochantillonbb@usgs.gov,Female,191.111.165.52,China,74.17,20%
409,Madeleine,Otter,motterbc@java.com,Female,76.51.243.217,Syria,48.78,5%
410,Rozamond,Yerlett,ryerlettbd@webnode.com,Female,145.68.158.49,Spain,51.32,5%
411,Lindsy,Longstreet,llongstreetbe@chicagotribune.com,Female,182.95.212.53,Sweden,77.2,20%
412,Cord,Skerritt,cskerrittbf@weather.com,Polygender,199.176.82.254,Mexico,95.23,5%
413,Betteann,Lythgoe,blythgoebg@netvibes.com,Female,8.241.51.97,Poland,72.6,5%
414,Tawnya,Bigrigg,tbigriggbh@europa.eu,Female,140.107.160.103,Indonesia,65.11,5%
415,Dorie,Elcoux,delcouxbi@miitbeian.gov.cn,Male,90.109.1.85,Cameroon,88.87,5%
416,Gwennie,Louthe,glouthebj@netvibes.com,Female,185.39.202.78,Bangladesh,41.59,20%
417,Adolf,Siddon,asiddonbk@chron.com,Male,166.233.128.151,United States,74.06,20%
418,Finlay,Yellop,fyellopbl@answers.com,Non-binary,111.31.10.244,China,24.7,20%
419,Harlan,Garmey,hgarmeybm@jalbum.net,Male,210.167.72.144,China,45.42,20%
420,Pier,Sandifer,psandiferbn@youtube.com,Female,145.132.226.106,China,94.02,5%
421,Koral,Conklin,kconklinbo@google.com,Female,219.5.18.159,Russia,55.82,20%
422,Diena,Humphries,dhumphriesbp@china.com.cn,Female,210.179.195.42,Ireland,58.67,20%
423,Catina,Reddy,creddybq@oracle.com,Female,50.233.123.121,Philippines,78.76,5%
424,Bevan,MacCallister,bmaccallisterbr@sbwire.com,Male,183.24.173.221,American Samoa,68.65,20%
425,Mikkel,Zoephel,mzoephelbs@sourceforge.net,Male,127.12.59.220,United States,28.22,20%
426,Francklin,Goodwin,fgoodwinbt@buzzfeed.com,Male,110.253.73.63,Philippines,91.42,20%
427,Rebbecca,Janak,rjanakbu@hugedomains.com,Female,124.36.159.7,Russia,82.26,20%
428,Collen,Goodere,cgooderebv@nymag.com,Female,162.73.113.107,China,30.38,20%
429,Erin,McLafferty,emclaffertybw@fema.gov,Male,143.98.97.63,Czech Republic,9.4,5%
430,Nanine,Virgin,nvirginbx@yelp.com,Female,71.234.100.2,France,19.32,5%
431,Janith,Wayon,jwayonby@google.pl,Female,153.183.91.89,Russia,98.69,5%
432,Shurlock,Dockerty,sdockertybz@creativecommons.org,Male,235.53.215.155,China,87.42,20%
433,Selene,Keuning,skeuningc0@admin.ch,Female,135.14.168.228,Sweden,86.91,5%
434,Danila,Mounter,dmounterc1@google.co.jp,Female,86.125.75.70,Philippines,60.86,20%
435,Glen,Stampe,gstampec2@usnews.com,Female,174.232.194.129,China,38.32,5%
436,My,Spracklin,mspracklinc3@washington.edu,Male,209.239.80.162,China,22.57,20%
437,Chloris,Hennemann,chennemannc4@netvibes.com,Female,248.25.27.94,Paraguay,31.65,20%
438,Rodolfo,Benoist,rbenoistc5@hexun.com,Male,82.141.211.241,Philippines,55.04,20%
439,Baxy,Krier,bkrierc6@berkeley.edu,Male,194.137.75.235,China,97.32,20%
440,Othilia,Polin,opolinc7@samsung.com,Female,64.221.228.2,China,14.81,20%
441,Danyelle,Hurdis,dhurdisc8@google.com.br,Polygender,213.108.17.167,Botswana,42.11,20%
442,Kristal,Anthill,kanthillc9@hexun.com,Female,162.160.38.27,Argentina,30.52,5%
443,Iorgos,Tirrey,itirreyca@ftc.gov,Bigender,153.176.88.27,Ukraine,96.85,20%
444,Trefor,Connikie,tconnikiecb@salon.com,Male,173.179.93.226,China,32.96,20%
445,Gilbertine,Dotterill,gdotterillcc@businessinsider.com,Female,190.75.166.45,Indonesia,44.08,5%
446,Selinda,Tooth,stoothcd@stumbleupon.com,Female,115.165.78.212,Kyrgyzstan,47.53,20%
447,Bambi,Domnin,bdomnince@narod.ru,Female,249.26.86.46,Sweden,56.33,5%
448,John,Tamlett,jtamlettcf@cloudflare.com,Male,15.47.33.48,Brazil,27.89,5%
449,Jeno,Olyff,jolyffcg@webnode.com,Male,51.56.170.223,Poland,88.54,5%
450,Sim,McMychem,smcmychemch@sogou.com,Male,96.203.111.159,China,87.5,20%
451,Tandy,Dranfield,tdranfieldci@google.com.au,Female,81.188.110.12,Canada,98.76,20%
452,Art,Rois,aroiscj@nhs.uk,Male,156.34.150.168,China,4.22,5%
453,Clementina,Arnaez,carnaezck@plala.or.jp,Female,102.91.157.125,Russia,44.98,20%
454,Jeffy,Wittke,jwittkecl@foxnews.com,Male,20.26.80.90,France,63.17,20%
455,Moritz,Fitzsimons,mfitzsimonscm@foxnews.com,Male,159.245.200.213,Portugal,9.16,20%
456,Dorolisa,Orthmann,dorthmanncn@hp.com,Female,72.173.222.71,Sweden,11.93,5%
457,Fidelio,Boaler,fboalerco@yale.edu,Male,212.211.35.182,China,13.18,5%
458,Clevie,Myall,cmyallcp@state.tx.us,Male,175.72.41.137,Poland,30.47,20%
459,Carlotta,Franies,cfraniescq@aol.com,Female,221.172.125.129,Canada,83.63,20%
460,Fianna,Purchon,fpurchoncr@umn.edu,Female,27.226.50.2,China,32.13,20%
461,Timmi,MacMenamy,tmacmenamycs@linkedin.com,Non-binary,84.201.7.244,China,34.73,20%
462,Janaya,Yeo,jyeoct@cbsnews.com,Female,156.232.118.162,Indonesia,70.51,20%
463,Marshall,Beccles,mbecclescu@mit.edu,Male,13.36.93.85,China,59.19,5%
464,Rachele,Saffer,rsaffercv@tamu.edu,Female,45.249.90.150,Serbia,17.95,20%
465,Nowell,Dring,ndringcw@github.com,Male,152.170.72.199,Portugal,59.51,20%
466,Rudyard,Toulch,rtoulchcx@topsy.com,Male,237.197.72.94,Pakistan,42.33,20%
467,Ashlie,Such,asuchcy@about.me,Female,37.168.60.54,China,96.71,20%
468,Sallyann,Gradly,sgradlycz@nhs.uk,Bigender,84.189.201.224,Japan,84.85,5%
469,Myrah,Wholesworth,mwholesworthd0@bandcamp.com,Female,26.127.255.212,Italy,36.99,20%
470,Etan,Ruvel,eruveld1@gov.uk,Male,171.138.159.70,Philippines,29.69,20%
471,Rudie,Gameson,rgamesond2@google.ca,Bigender,86.192.223.26,Philippines,58.7,20%
472,Kermie,Hurry,khurryd3@joomla.org,Male,225.101.1.200,Republic of the Congo,77.44,5%
473,Ashia,Woolveridge,awoolveridged4@paypal.com,Female,99.90.38.212,Madagascar,14.95,20%
474,Nicol,Treasure,ntreasured5@narod.ru,Female,246.148.221.195,Ghana,61.77,5%
475,Myer,Bidewel,mbideweld6@rakuten.co.jp,Male,63.120.228.210,Poland,57.78,5%
476,Averell,Hockey,ahockeyd7@biglobe.ne.jp,Male,13.168.134.120,Hungary,96.17,20%
477,Hobard,Vany,hvanyd8@soup.io,Male,232.167.225.115,Indonesia,10.74,20%
478,Giuditta,Laise,glaised9@cbc.ca,Female,226.249.144.143,Poland,45.5,20%
479,Marcia,Quig,mquigda@multiply.com,Female,25.115.140.112,Haiti,58.49,20%
480,Dalis,Fitzroy,dfitzroydb@cloudflare.com,Male,199.168.121.174,Japan,94.61,20%
481,Dallas,Rieme,driemedc@deliciousdays.com,Male,143.27.28.165,Colombia,35.08,20%
482,Barnie,Lamps,blampsdd@nymag.com,Male,57.105.20.87,Brazil,35.48,20%
483,Terri,Spollen,tspollende@eepurl.com,Female,227.81.249.97,Brazil,48.24,20%
484,Blanca,Bothram,bbothramdf@canalblog.com,Female,16.160.207.216,Indonesia,64.75,20%
485,Gregoor,Burgiss,gburgissdg@springer.com,Male,244.106.220.229,China,81.62,20%
486,Eddi,Binden,ebindendh@rakuten.co.jp,Female,194.157.136.36,Brazil,78.94,20%
487,Florry,Kinde,fkindedi@loc.gov,Female,205.206.56.241,Indonesia,67.7,20%
488,Kathleen,Craigheid,kcraigheiddj@uol.com.br,Female,189.103.254.124,China,41.65,20%
489,Abie,Pershouse,apershousedk@apple.com,Male,203.46.62.28,Thailand,12.15,5%
490,Peterus,Janaszkiewicz,pjanaszkiewiczdl@php.net,Genderqueer,17.57.154.163,Mongolia,77.18,5%
491,Cristabel,Keepence,ckeepencedm@nhs.uk,Female,139.163.218.59,Philippines,24.81,5%
492,Dorena,Helliwell,dhelliwelldn@cnbc.com,Female,106.150.104.111,Brazil,39.57,20%
493,Xymenes,Swanne,xswannedo@go.com,Male,54.59.65.174,Philippines,48.05,20%
494,Michale,Ambresin,mambresindp@sourceforge.net,Male,72.168.120.159,Canada,90.44,5%
495,Loren,Swepson,lswepsondq@sitemeter.com,Male,112.213.234.37,China,35.44,5%
496,Nelle,Cumberpatch,ncumberpatchdr@ihg.com,Female,90.154.80.100,China,66.21,20%
497,Kristoffer,Gianettini,kgianettinids@stanford.edu,Male,136.16.167.187,Czech Republic,49.38,5%
498,Wolfgang,Dagg,wdaggdt@mozilla.org,Male,227.119.221.99,Sweden,78.9,20%
499,Michell,Di Domenico,mdidomenicodu@istockphoto.com,Polygender,140.162.23.122,China,28.9,5%
500,Averil,Sayse,asaysedv@smugmug.com,Male,29.68.238.12,Russia,83.76,5%
501,Germaine,Meuse,gmeusedw@baidu.com,Male,102.47.163.155,Spain,98.72,5%
502,Sax,Burburough,sburburoughdx@cnet.com,Male,247.122.184.197,United States,51.31,20%
503,Bartholomew,Mathiot,bmathiotdy@cnet.com,Male,170.223.228.44,China,11.02,5%
504,Davidson,Purveys,dpurveysdz@ucoz.ru,Male,161.254.24.32,China,61.27,20%
505,Lil,Fairebrother,lfairebrothere0@ucla.edu,Female,35.154.133.227,Philippines,16.24,20%
506,Chico,Eustice,ceusticee1@baidu.com,Male,78.144.43.212,Peru,28.4,20%
507,Veriee,Sly,vslye2@tinypic.com,Female,164.18.30.141,Colombia,76.93,20%
508,Karlee,Dreghorn,kdreghorne3@yellowpages.com,Female,195.127.89.237,Ukraine,84.16,20%
509,Kori,Leagas,kleagase4@moonfruit.com,Female,3.130.157.178,Iran,1.16,20%
510,Meade,Tremmel,mtremmele5@amazon.co.jp,Male,20.49.9.57,France,73.25,20%
511,Latrina,Bumpas,lbumpase6@goo.ne.jp,Female,113.235.232.219,France,83.78,20%
512,Guenna,Domney,gdomneye7@businesswire.com,Female,163.151.228.249,Poland,85.86,20%
513,Rem,Finley,rfinleye8@pinterest.com,Male,94.162.175.146,China,55.29,5%
514,Gilda,Powder,gpowdere9@sina.com.cn,Female,98.83.243.41,Mexico,57.84,20%
515,Prudence,Slegg,psleggea@wordpress.com,Female,215.128.89.133,Sweden,37.02,5%
516,Domingo,Cotelard,dcotelardeb@cdc.gov,Male,246.116.28.55,Mexico,23.51,20%
517,Berkie,Lockney,blockneyec@gnu.org,Male,36.9.37.151,China,30.91,20%
518,Gayla,Lasseter,glassetered@hubpages.com,Female,96.61.80.8,United States,94.16,5%
519,Johan,Aaron,jaaronee@samsung.com,Genderfluid,164.13.193.48,Czech Republic,64.18,20%
520,Kaylyn,Barbrook,kbarbrookef@google.ru,Female,75.86.7.99,Mexico,63.85,20%
521,Ikey,Given,igiveneg@bravesites.com,Male,247.1.94.215,Nicaragua,41.01,5%
522,Bradney,Sprason,bsprasoneh@mit.edu,Male,116.209.230.226,Philippines,31.67,20%
523,Aggie,Claige,aclaigeei@bloomberg.com,Female,251.160.92.120,Ukraine,94.76,20%
524,Averil,Francomb,afrancombej@w3.org,Male,159.205.213.156,United States,90.45,20%
525,Kellsie,Breinl,kbreinlek@discovery.com,Female,156.96.41.10,Portugal,89.97,20%
526,Matteo,Cranefield,mcranefieldel@nps.gov,Male,136.241.129.83,Bolivia,20.94,5%
527,Bren,Duckerin,bduckerinem@gmpg.org,Female,181.160.139.183,Russia,67.0,20%
528,Lilah,Ornillos,lornillosen@house.gov,Female,72.57.151.126,Serbia,96.15,20%
529,Winifield,Botley,wbotleyeo@symantec.com,Non-binary,142.74.169.196,Philippines,81.98,20%
530,Bern,Rivett,brivettep@webnode.com,Male,74.127.9.157,United States,57.9,20%
531,Pietrek,Moyser,pmoysereq@thetimes.co.uk,Male,11.45.242.231,China,11.97,20%
532,Joe,Fippe,jfippeer@hc360.com,Male,206.55.199.62,China,37.2,20%
533,Lorilee,Moden,lmodenes@nymag.com,Female,104.199.60.110,China,59.47,20%
534,Trueman,Hakonsson,thakonssonet@sun.com,Male,236.12.227.225,China,83.32,5%
535,Tobey,Gillis,tgilliseu@moonfruit.com,Polygender,217.0.38.163,United States,41.4,20%
536,Sarena,Jaan,sjaanev@webnode.com,Female,182.135.122.31,Philippines,24.27,5%
537,Bobette,Hincks,bhincksew@nature.com,Agender,209.163.144.59,France,22.69,20%
538,Elnore,Tasker,etaskerex@soundcloud.com,Female,21.142.85.94,Indonesia,94.9,5%
539,Suzanna,Adicot,sadicotey@plala.or.jp,Female,58.9.111.31,Egypt,29.51,20%
540,Gerome,Ofer,goferez@omniture.com,Male,227.133.6.180,Vietnam,31.08,20%
541,Dania,Symcock,dsymcockf0@odnoklassniki.ru,Female,189.171.73.81,Brazil,49.55,20%
542,Martynne,Toderi,mtoderif1@linkedin.com,Female,1.214.5.215,Mexico,42.4,5%
543,Blisse,Cussons,bcussonsf2@e-recht24.de,Female,120.176.235.5,Yemen,64.95,20%
544,Glennie,Floris,gflorisf3@t.co,Female,41.176.24.193,China,7.7,20%
545,Constancia,Dyhouse,cdyhousef4@hugedomains.com,Female,145.248.211.163,Indonesia,16.22,20%
546,Israel,Alberts,ialbertsf5@google.pl,Male,210.33.152.33,Portugal,18.11,20%
547,Penny,Tucsell,ptucsellf6@mtv.com,Female,12.64.111.11,Brazil,45.76,20%
548,Cristian,Lemerie,clemerief7@senate.gov,Male,187.165.94.105,Cameroon,52.56,5%
549,Celine,Stocky,cstockyf8@slate.com,Female,77.128.202.113,Albania,48.96,20%
550,Samuele,Halton,shaltonf9@rakuten.co.jp,Male,59.36.166.57,Japan,54.39,5%
551,Cindie,Ingon,cingonfa@time.com,Female,154.144.56.241,Ethiopia,76.74,5%
552,Dall,Banke,dbankefb@drupal.org,Genderqueer,140.105.7.52,Cayman Islands,98.39,20%
553,Allsun,Arent,aarentfc@dagondesign.com,Female,88.98.119.238,China,58.65,20%
554,Rennie,Roaf,rroaffd@admin.ch,Female,165.204.180.175,China,37.65,20%
555,Luciana,Stendall,lstendallfe@themeforest.net,Agender,14.240.196.132,Monaco,38.22,20%
556,Hagen,Grigorian,hgrigorianff@amazonaws.com,Male,0.168.66.218,China,3.81,20%
557,Babbie,Mainwaring,bmainwaringfg@dailymotion.com,Female,4.229.52.57,Russia,94.38,20%
558,Verna,McGillicuddy,vmcgillicuddyfh@pinterest.com,Polygender,198.121.104.137,Peru,30.75,5%
559,Angelika,Huge,ahugefi@mediafire.com,Female,172.108.137.207,United States,52.43,20%
560,Shandeigh,Beckhurst,sbeckhurstfj@nymag.com,Female,249.107.204.246,Indonesia,79.39,20%
561,Esther,McLevie,emcleviefk@amazon.de,Female,136.0.75.102,Brazil,53.85,20%
562,Fernande,Blanking,fblankingfl@bing.com,Female,131.107.179.92,Russia,62.07,20%
563,Shaina,Leeburn,sleeburnfm@auda.org.au,Female,147.45.29.246,Japan,15.46,20%
564,Cally,Pensom,cpensomfn@toplist.cz,Female,119.173.91.34,Iran,70.45,20%
565,Doy,Mc Grath,dmcgrathfo@ebay.co.uk,Male,62.209.53.85,China,37.92,20%
566,Talia,Gomer,tgomerfp@hp.com,Female,14.135.247.19,Indonesia,5.24,20%
567,Easter,Pickwell,epickwellfq@geocities.com,Female,57.104.242.105,Turkmenistan,46.15,20%
568,Yule,Tothacot,ytothacotfr@deviantart.com,Male,92.93.64.108,Philippines,83.17,20%
569,Morley,Kraut,mkrautfs@yelp.com,Male,163.100.252.14,Indonesia,86.31,20%
570,Estele,Gelderd,egelderdft@360.cn,Genderqueer,214.51.3.162,North Korea,29.31,20%
571,Saundra,Kleynen,skleynenfu@vkontakte.ru,Female,169.90.221.50,Bangladesh,90.72,20%
572,Odell,Bendell,obendellfv@google.de,Male,216.6.166.117,France,43.29,20%
573,Sebastian,Kuschel,skuschelfw@51.la,Male,155.56.52.233,Philippines,84.43,20%
574,Rodrique,Hutley,rhutleyfx@goo.ne.jp,Male,122.231.201.17,Poland,84.26,20%
575,Heidie,Lester,hlesterfy@washington.edu,Female,53.21.141.184,Russia,2.53,5%
576,Zarah,Gillani,zgillanifz@forbes.com,Genderqueer,167.141.87.128,Panama,95.41,20%
577,Dukie,Mallion,dmalliong0@ebay.com,Male,90.157.62.241,China,73.31,20%
578,Torey,Fruish,tfruishg1@istockphoto.com,Female,109.65.38.198,Ireland,63.29,20%
579,Rowney,Lindores,rlindoresg2@wired.com,Male,6.35.39.3,Thailand,97.67,20%
580,Jenna,Staniforth,jstaniforthg3@bandcamp.com,Female,233.174.253.7,Indonesia,42.74,20%
581,Iver,Ludlow,iludlowg4@weibo.com,Male,102.54.197.158,Russia,55.85,20%
582,Elka,Evesque,eevesqueg5@sourceforge.net,Female,49.115.58.153,Russia,91.82,20%
583,Marlane,Mousley,mmousleyg6@msu.edu,Genderqueer,161.247.229.186,Albania,27.9,20%
584,Kristofer,Adie,kadieg7@wunderground.com,Male,90.120.136.117,China,28.18,20%
585,Rahal,Stonhard,rstonhardg8@slashdot.org,Female,232.197.133.226,Philippines,81.66,5%
586,Thacher,Bonsul,tbonsulg9@mysql.com,Male,113.84.133.9,Morocco,91.08,20%
587,John,Pauling,jpaulingga@mapquest.com,Male,109.111.221.146,Portugal,82.77,20%
588,Anetta,Pyne,apynegb@flickr.com,Female,199.224.8.213,China,24.89,20%
589,Christiano,Texton,ctextongc@tripod.com,Male,98.64.139.18,El Salvador,87.47,20%
590,Matteo,Weddup,mweddupgd@spotify.com,Male,220.125.255.91,Nigeria,36.33,20%
591,Candace,Knott,cknottge@over-blog.com,Agender,66.232.162.230,France,57.96,20%
592,Alika,Greser,agresergf@paypal.com,Female,75.194.130.204,Indonesia,23.53,5%
593,Cortie,Relton,creltongg@shinystat.com,Male,93.208.128.21,Argentina,42.03,5%
594,Kippie,Pettican,kpetticangh@nyu.edu,Male,226.139.64.20,United States,82.61,20%
595,Peg,Cullum,pcullumgi@yellowpages.com,Female,186.19.249.183,Germany,23.23,5%
596,Lind,Van der Velde,lvanderveldegj@liveinternet.ru,Genderqueer,45.49.28.12,Vietnam,55.71,20%
597,Priscella,Cawdron,pcawdrongk@mlb.com,Female,92.233.138.210,China,14.99,5%
598,Andi,Toward,atowardgl@nbcnews.com,Female,202.39.37.22,China,65.29,5%
599,Daffie,Issakov,dissakovgm@discuz.net,Female,115.150.118.131,Azerbaijan,24.78,20%
600,Dalenna,Leaton,dleatongn@ft.com,Female,250.191.105.97,Philippines,65.93,20%
601,Franchot,Soot,fsootgo@va.gov,Male,137.142.61.253,Armenia,18.49,20%
602,Albina,Menzies,amenziesgp@stumbleupon.com,Female,38.213.111.255,Czech Republic,98.89,20%
603,Barbi,Clash,bclashgq@huffingtonpost.com,Female,21.144.77.146,China,95.82,20%
604,Janean,Scough,jscoughgr@php.net,Female,166.119.238.79,China,95.64,20%
605,Andrej,Kanter,akantergs@sphinn.com,Male,192.235.153.52,Philippines,36.99,20%
606,Alex,Screas,ascreasgt@harvard.edu,Female,28.155.127.123,China,8.93,20%
607,Sunny,Blazey,sblazeygu@vinaora.com,Polygender,141.255.214.1,Portugal,89.95,5%
608,Hallsy,Kennedy,hkennedygv@utexas.edu,Male,184.18.116.74,Philippines,56.4,20%
609,Joellen,Iles,jilesgw@51.la,Female,75.167.86.131,China,23.18,5%
610,Marin,Bockman,mbockmangx@ow.ly,Female,197.68.14.88,Japan,77.32,20%
611,Viviyan,Zink,vzinkgy@quantcast.com,Female,199.192.99.169,Japan,85.53,5%
612,Boothe,Bolesworth,bbolesworthgz@photobucket.com,Male,252.126.67.245,Azerbaijan,21.18,20%
613,Juan,Dalwood,jdalwoodh0@networkadvertising.org,Male,193.216.165.121,Ukraine,47.05,20%
614,Fleur,Scholes,fscholesh1@digg.com,Female,174.210.97.58,Russia,54.65,5%
615,Burtie,McKean,bmckeanh2@toplist.cz,Male,112.162.108.93,China,73.95,5%
616,Hersch,Sambidge,hsambidgeh3@reference.com,Male,199.123.20.56,China,58.3,20%
617,Tony,Waddilow,twaddilowh4@aol.com,Male,190.231.249.241,United Arab Emirates,4.37,20%
618,Arni,Jacombs,ajacombsh5@weather.com,Male,46.86.255.126,Portugal,11.14,20%
619,Rafe,Bolderstone,rbolderstoneh6@pcworld.com,Male,175.48.70.158,Philippines,10.43,20%
620,Kaila,Circuit,kcircuith7@csmonitor.com,Female,144.116.181.101,Kyrgyzstan,89.17,5%
621,Royce,Howse,rhowseh8@abc.net.au,Male,116.75.52.181,Myanmar,30.8,5%
622,Felice,Rishbrook,frishbrookh9@ihg.com,Female,31.157.247.48,China,79.54,20%
623,Ronnie,Klima,rklimaha@google.ca,Male,103.73.132.76,Argentina,92.68,5%
624,Taffy,Collman,tcollmanhb@360.cn,Female,252.74.187.235,Vietnam,28.74,20%
625,Frans,Jonczyk,fjonczykhc@behance.net,Male,49.18.254.92,Cyprus,64.65,5%
626,Connie,McClaren,cmcclarenhd@earthlink.net,Male,234.29.217.35,Israel,48.36,5%
627,Elspeth,Brompton,ebromptonhe@npr.org,Female,203.128.161.157,Pakistan,98.14,20%
628,Constantine,Gino,cginohf@whitehouse.gov,Male,13.62.135.62,France,60.87,20%
629,Alberik,Ecclesall,aecclesallhg@posterous.com,Male,191.133.30.56,China,91.09,20%
630,Herc,Keyse,hkeysehh@qq.com,Male,236.78.122.221,Brazil,92.26,20%
631,Anderea,Turbefield,aturbefieldhi@woothemes.com,Female,213.16.213.149,Portugal,36.77,5%
632,Darsie,Hellwing,dhellwinghj@unc.edu,Female,205.144.209.246,Tunisia,20.07,20%
633,Leupold,Gulc,lgulchk@lulu.com,Male,213.240.126.15,China,64.11,20%
634,Davine,Laing,dlainghl@baidu.com,Genderfluid,238.84.152.26,Japan,17.47,20%
635,Shina,Glasscott,sglasscotthm@aol.com,Female,53.188.207.242,China,92.54,5%
636,Mavis,Minichillo,mminichillohn@123-reg.co.uk,Female,43.182.78.144,Western Sahara,89.25,5%
637,Lavina,MacGinlay,lmacginlayho@weather.com,Female,48.59.26.112,Uzbekistan,66.35,20%
638,Killian,Deppe,kdeppehp@uol.com.br,Male,32.233.71.220,China,54.24,20%
639,Euphemia,Ruscoe,eruscoehq@craigslist.org,Female,72.78.101.83,China,94.88,5%
640,Melissa,Kleimt,mkleimthr@japanpost.jp,Female,42.4.201.193,China,79.0,5%
641,Norry,Beall,nbeallhs@flickr.com,Male,16.28.188.50,Russia,15.31,20%
642,Karin,Lebarree,klebarreeht@auda.org.au,Female,49.248.171.138,Portugal,84.95,5%
643,Carr,Ambrozewicz,cambrozewiczhu@netlog.com,Male,233.164.26.100,Portugal,47.24,20%
644,Loralyn,Aberdeen,laberdeenhv@wordpress.com,Female,244.119.102.162,Indonesia,35.79,20%
645,Beryl,Arbon,barbonhw@psu.edu,Agender,93.228.40.142,Indonesia,43.84,20%
646,Di,Tunmore,dtunmorehx@joomla.org,Female,205.127.117.129,Indonesia,11.86,20%
647,Victoria,Haversham,vhavershamhy@ft.com,Female,190.47.131.135,Japan,9.95,20%
648,Homerus,Wimms,hwimmshz@msn.com,Male,189.163.144.34,Russia,42.69,20%
649,Dominique,Johansson,djohanssoni0@google.com,Male,40.194.66.13,China,40.61,20%
650,Corilla,Netley,cnetleyi1@sciencedirect.com,Female,18.86.99.145,China,44.36,20%
651,Dreddy,Tollmache,dtollmachei2@gizmodo.com,Female,22.52.65.143,France,20.92,20%
652,Stanislas,Baggett,sbaggetti3@vkontakte.ru,Male,8.9.250.250,Colombia,6.02,20%
653,Montgomery,Binne,mbinnei4@cyberchimps.com,Male,135.95.61.224,China,73.94,20%
654,Pepita,Stittle,pstittlei5@springer.com,Genderqueer,133.44.44.72,Vanuatu,82.16,20%
655,Katha,Letten,kletteni6@friendfeed.com,Female,107.80.177.3,Poland,70.26,20%
656,Ferne,Waterland,fwaterlandi7@dailymail.co.uk,Female,13.250.227.254,China,87.49,20%
657,Spenser,Ryde,srydei8@telegraph.co.uk,Male,101.245.7.165,Russia,19.48,20%
658,Dolley,Gueste,dguestei9@hatena.ne.jp,Female,90.170.177.119,China,6.19,20%
659,Bessy,Gurge,bgurgeia@t.co,Female,172.226.50.123,China,40.82,20%
660,Tallie,Feldstein,tfeldsteinib@illinois.edu,Male,218.33.233.87,France,50.38,20%
661,Alexandre,Pemble,apembleic@shutterfly.com,Male,165.123.214.57,Russia,27.78,20%
662,Marigold,Grayham,mgrayhamid@ask.com,Female,173.14.73.107,Denmark,9.82,5%
663,Ara,Hacquel,ahacquelie@bloomberg.com,Male,15.116.238.156,Russia,76.43,20%
664,Micheil,Frude,mfrudeif@independent.co.uk,Genderqueer,191.50.153.209,Indonesia,36.64,5%
665,Gwyneth,Emmins,gemminsig@un.org,Female,152.235.16.14,Poland,71.16,20%
666,Blair,Jiracek,bjiracekih@bloglovin.com,Female,55.175.229.188,China,33.73,20%
667,Barnabe,Ferrarello,bferrarelloii@ask.com,Male,13.32.113.183,Argentina,2.32,5%
668,Duncan,Worvell,dworvellij@linkedin.com,Male,67.115.226.255,Colombia,39.3,5%
669,William,Cisneros,wcisnerosik@timesonline.co.uk,Male,113.15.90.115,China,95.56,20%
670,Ritchie,Greenard,rgreenardil@delicious.com,Male,19.143.55.82,China,32.23,20%
671,Clevie,Harp,charpim@histats.com,Male,247.124.215.192,China,10.37,5%
672,Andreana,Howsego,ahowsegoin@opera.com,Female,153.238.133.101,China,5.62,20%
673,Karly,Dandie,kdandieio@icio.us,Female,184.211.39.64,Central African Republic,36.75,20%
674,Alick,Newvell,anewvellip@prlog.org,Male,21.233.111.251,Peru,19.55,20%
675,Wynnie,Aldrin,waldriniq@columbia.edu,Polygender,127.162.127.56,Serbia,57.57,5%
676,Ferd,Mardell,fmardellir@howstuffworks.com,Male,69.247.17.206,Sweden,25.46,5%
677,Prisca,Agostini,pagostiniis@omniture.com,Female,147.22.104.16,Latvia,55.99,20%
678,Simon,Sides,ssidesit@biglobe.ne.jp,Male,79.221.210.94,China,44.6,20%
679,Patrice,Creaney,pcreaneyiu@ox.ac.uk,Female,140.179.174.250,Afghanistan,1.89,20%
680,Lucais,Durling,ldurlingiv@blog.com,Male,84.72.57.244,France,58.4,20%
681,Faith,Habeshaw,fhabeshawiw@tiny.cc,Female,56.52.233.49,China,87.13,20%
682,Dallis,Mirfield,dmirfieldix@disqus.com,Polygender,103.64.55.19,China,40.71,5%
683,Laurianne,Midlane,lmidlaneiy@goo.ne.jp,Female,190.243.19.91,Philippines,95.35,20%
684,Roxi,Gocke,rgockeiz@tmall.com,Female,144.66.11.95,Indonesia,51.71,5%
685,Mari,O' Mullane,momullanej0@who.int,Female,231.63.4.163,China,78.7,20%
686,Nichols,Smitherman,nsmithermanj1@miitbeian.gov.cn,Male,144.237.219.123,Yemen,73.81,20%
687,Grange,Ludovico,gludovicoj2@moonfruit.com,Male,3.70.114.59,Canada,9.09,20%
688,Alaric,Ren,arenj3@elegantthemes.com,Male,167.57.102.102,Portugal,91.03,20%
689,Udall,Potzold,upotzoldj4@tinyurl.com,Male,126.46.93.121,Afghanistan,19.32,5%
690,Janifer,Slot,jslotj5@comcast.net,Female,77.153.60.29,China,24.65,20%
691,Kurtis,Ladley,kladleyj6@mtv.com,Male,42.177.148.99,China,41.09,5%
692,Bo,Brunke,bbrunkej7@360.cn,Male,225.31.94.234,Afghanistan,78.65,20%
693,Amberly,Spinige,aspinigej8@google.com.au,Female,211.197.109.234,China,1.92,5%
694,Cris,Meuse,cmeusej9@is.gd,Female,221.67.14.104,Iraq,77.26,20%
695,Otho,Hark,oharkja@ox.ac.uk,Male,228.22.193.66,Peru,59.42,20%
696,Inessa,Leslie,ilesliejb@dailymotion.com,Female,215.82.10.120,Czech Republic,25.02,20%
697,Clement,Reinert,creinertjc@ibm.com,Male,228.250.2.217,Russia,74.69,20%
698,Viole,Licciardi,vlicciardijd@geocities.jp,Female,64.163.25.109,France,91.71,20%
699,Lonnie,Barbrook,lbarbrookje@hp.com,Female,224.193.226.39,China,58.25,20%
700,Madalyn,Scamadin,mscamadinjf@nymag.com,Genderfluid,77.202.89.111,Indonesia,97.92,20%
701,Scotti,Belvard,sbelvardjg@senate.gov,Male,141.117.128.234,Poland,82.51,20%
702,Elbert,Gewer,egewerjh@ucoz.com,Male,66.144.116.158,Ukraine,49.78,20%
703,Lyndy,Simmins,lsimminsji@google.com.hk,Female,103.233.139.115,Slovenia,53.16,20%
704,Cosme,Ledson,cledsonjj@vkontakte.ru,Male,211.189.149.64,Ethiopia,67.4,20%
705,Silvia,Dilger,sdilgerjk@si.edu,Female,209.154.48.234,Mexico,66.45,20%
706,Lamar,Pedracci,lpedraccijl@1688.com,Male,18.161.52.172,Honduras,51.77,20%
707,Cammi,MacLleese,cmaclleesejm@reverbnation.com,Agender,179.27.88.212,Portugal,40.25,5%
708,Ignatius,Baker,ibakerjn@hibu.com,Male,62.39.172.148,Ecuador,3.49,5%
709,Clio,Sulman,csulmanjo@barnesandnoble.com,Female,43.52.104.61,Czech Republic,15.96,20%
710,Shelby,Liversley,sliversleyjp@homestead.com,Male,195.30.76.47,Greece,10.02,5%
711,Leighton,Sarra,lsarrajq@msu.edu,Male,214.249.26.175,China,42.72,5%
712,Job,Melhuish,jmelhuishjr@accuweather.com,Male,251.24.39.49,Estonia,9.72,20%
713,Jacqueline,Peal,jpealjs@senate.gov,Female,240.16.201.24,United States,29.22,5%
714,Juliette,Artz,jartzjt@cdc.gov,Female,132.58.171.178,Pakistan,44.55,20%
715,Konstantine,Cisar,kcisarju@elegantthemes.com,Male,158.32.125.235,China,2.92,20%
716,Amitie,Gaiford,agaifordjv@chronoengine.com,Female,207.176.224.27,Argentina,43.4,5%
717,Chase,Aitkenhead,caitkenheadjw@umn.edu,Male,152.250.191.34,Portugal,17.79,20%
718,Scottie,Camsey,scamseyjx@ezinearticles.com,Male,68.9.126.252,Indonesia,4.59,5%
719,Lanae,Mottershead,lmottersheadjy@macromedia.com,Female,146.227.231.235,Russia,77.53,20%
720,Berny,Lascelles,blascellesjz@zimbio.com,Male,213.133.88.123,Russia,75.48,20%
721,Elisabetta,Gerge,egergek0@vistaprint.com,Female,99.215.170.8,Uganda,16.08,5%
722,Sherill,Willacot,swillacotk1@vk.com,Female,216.100.142.139,Iran,21.22,20%
723,Nerte,Elbourne,nelbournek2@ft.com,Genderfluid,164.194.101.78,Japan,14.05,20%
724,Jillayne,Gascar,jgascark3@geocities.com,Female,62.131.242.137,Bolivia,1.92,20%
725,Evyn,Argrave,eargravek4@sogou.com,Male,158.5.88.189,Brazil,73.34,20%
726,Chris,Shankle,cshanklek5@is.gd,Female,236.43.33.12,Czech Republic,50.57,20%
727,Leonelle,Elsmore,lelsmorek6@wikimedia.org,Female,150.198.209.232,Ukraine,91.55,5%
728,Paxon,Gors,pgorsk7@theglobeandmail.com,Male,117.180.22.142,China,87.07,20%
729,Xavier,McRuvie,xmcruviek8@opensource.org,Male,238.116.49.229,Sweden,54.11,20%
730,Cherianne,Jorio,cjoriok9@amazonaws.com,Female,32.214.59.129,Japan,55.29,20%
731,Marcel,Muglestone,mmuglestoneka@utexas.edu,Male,254.201.177.153,Honduras,69.02,5%
732,Myrta,Brayshaw,mbrayshawkb@cornell.edu,Female,216.110.11.97,France,72.17,20%
733,Karlik,Lydster,klydsterkc@theguardian.com,Male,94.35.122.167,Greece,56.78,20%
734,Stearne,Ballard,sballardkd@constantcontact.com,Male,54.77.57.74,Egypt,78.47,5%
735,Ronica,Shalloo,rshallooke@paginegialle.it,Female,195.1.112.121,Lebanon,75.79,20%
736,Emlynn,Brabyn,ebrabynkf@mediafire.com,Female,49.199.255.131,China,47.27,5%
737,Berti,Spatarul,bspatarulkg@usa.gov,Female,54.63.112.73,Croatia,13.21,20%
738,Joelly,Fourmy,jfourmykh@dropbox.com,Female,197.177.247.149,Indonesia,44.4,20%
739,Barbaraanne,Heersma,bheersmaki@behance.net,Bigender,235.128.226.113,Portugal,33.77,20%
740,Karlene,Geffinger,kgeffingerkj@weather.com,Female,17.44.94.77,Dominican Republic,53.98,20%
741,Joannes,Hordle,jhordlekk@nymag.com,Female,129.217.244.252,Portugal,40.04,20%
742,Darby,Duck,dduckkl@prweb.com,Male,224.132.243.135,Indonesia,88.15,20%
743,Byran,Matterdace,bmatterdacekm@wired.com,Male,152.78.50.86,China,64.0,20%
744,Krishnah,Solomon,ksolomonkn@wsj.com,Male,72.83.109.192,Kenya,49.94,20%
745,Farra,Brunke,fbrunkeko@paypal.com,Genderfluid,57.250.192.182,Russia,37.51,20%
746,Auroora,Mingotti,amingottikp@sfgate.com,Female,137.13.145.182,Vietnam,24.89,20%
747,Dorene,Gotch,dgotchkq@blog.com,Female,0.0.78.164,Democratic Republic of the Congo,88.56,5%
748,Lezlie,Napoleone,lnapoleonekr@newsvine.com,Female,23.47.157.208,Czech Republic,63.72,20%
749,Brianna,Tunnick,btunnickks@typepad.com,Female,250.247.50.246,China,93.91,20%
750,Suzie,Donan,sdonankt@thetimes.co.uk,Female,0.196.50.199,Bahamas,58.82,20%
751,Rhianon,Muldownie,rmuldownieku@addtoany.com,Female,96.208.86.156,Portugal,8.81,5%
752,Stephanus,Noirel,snoirelkv@google.com.au,Male,201.156.13.60,China,41.55,20%
753,Hanni,Baskerville,hbaskervillekw@dailymail.co.uk,Female,245.6.2.77,United States,62.42,20%
754,Joyous,Celler,jcellerkx@icq.com,Female,4.157.109.114,Russia,12.6,20%
755,Errol,Ballach,eballachky@i2i.jp,Male,42.86.115.108,Sweden,67.24,5%
756,Suzanne,Lewinton,slewintonkz@hibu.com,Female,57.248.228.66,Indonesia,98.22,20%
757,Leanna,Handrick,lhandrickl0@friendfeed.com,Female,164.218.56.73,China,13.59,5%
758,Daphna,Saipy,dsaipyl1@hud.gov,Female,13.140.73.103,Greece,85.51,5%
759,Zorina,Barca,zbarcal2@addthis.com,Female,97.47.104.82,Russia,5.69,20%
760,Porter,Ewestace,pewestacel3@livejournal.com,Male,153.64.31.108,Indonesia,27.56,20%
761,Delmore,Peevor,dpeevorl4@vimeo.com,Male,154.144.58.166,Venezuela,81.83,20%
762,Philippa,Ditchfield,pditchfieldl5@indiatimes.com,Genderfluid,76.13.112.78,Russia,8.71,5%
763,Mickie,Rainer,mrainerl6@ft.com,Female,62.181.183.204,South Africa,63.09,20%
764,Shina,Drepp,sdreppl7@elegantthemes.com,Female,86.255.53.24,Sweden,48.95,20%
765,Giustina,Cheng,gchengl8@ocn.ne.jp,Female,129.69.56.172,Croatia,60.22,20%
766,Domeniga,Garrad,dgarradl9@diigo.com,Female,35.69.41.212,Honduras,63.01,20%
767,Joellyn,Troy,jtroyla@blogspot.com,Female,47.44.255.121,Indonesia,10.66,20%
768,Georgie,Spinney,gspinneylb@yale.edu,Female,89.209.38.26,Greece,38.69,5%
769,Borden,Swannick,bswannicklc@mac.com,Male,233.209.57.134,North Korea,37.2,5%
770,Denys,Setterington,dsetteringtonld@independent.co.uk,Male,14.172.228.34,Indonesia,62.23,20%
771,Burl,Trippitt,btrippittle@ustream.tv,Male,245.89.149.49,Indonesia,68.58,5%
772,Olvan,Bernardinelli,obernardinellilf@theglobeandmail.com,Male,204.50.134.74,Czech Republic,87.01,20%
773,Aguistin,Maypowder,amaypowderlg@surveymonkey.com,Male,72.1.234.96,Poland,98.97,5%
774,Curtis,MacGillivray,cmacgillivraylh@marriott.com,Male,2.254.22.131,China,41.82,5%
775,Niall,Chiplin,nchiplinli@whitehouse.gov,Male,32.226.103.110,Russia,51.68,20%
776,Dusty,Trillo,dtrillolj@fema.gov,Female,121.74.74.231,Russia,16.53,20%
777,Nolly,Callen,ncallenlk@dell.com,Male,254.72.119.4,Sweden,98.85,5%
778,Travers,Kitteman,tkittemanll@engadget.com,Genderqueer,75.250.123.41,France,37.66,20%
779,Gian,Wroth,gwrothlm@youtube.com,Male,103.216.216.169,El Salvador,27.46,20%
780,Blair,Aggett,baggettln@zdnet.com,Female,146.99.192.158,Portugal,42.54,20%
781,Dorey,Rumming,drumminglo@ed.gov,Female,43.3.2.26,Russia,32.5,20%
782,Lorelei,Thunderchief,lthunderchieflp@google.com.au,Female,0.114.131.254,Hong Kong,74.82,20%
783,Tanney,Wymer,twymerlq@reddit.com,Male,44.173.79.101,Myanmar,83.89,20%
784,Bev,Smalls,bsmallslr@yahoo.com,Female,96.248.146.181,Indonesia,62.76,20%
785,Melinde,Smidmore,msmidmorels@sitemeter.com,Female,118.174.200.83,Egypt,78.03,20%
786,Rudd,Heasly,rheaslylt@princeton.edu,Male,77.163.1.145,Somalia,84.9,20%
787,Judas,Verey,jvereylu@de.vu,Male,86.178.39.193,China,13.78,5%
788,Zena,Crosswaite,zcrosswaitelv@mlb.com,Female,254.114.125.94,Peru,30.21,20%
789,Morgan,Spring,mspringlw@utexas.edu,Female,44.220.109.165,China,54.69,20%
790,Berry,Taysbil,btaysbillx@naver.com,Female,101.149.162.110,Russia,64.61,20%
791,Gale,Hennington,ghenningtonly@narod.ru,Female,20.131.241.195,France,71.07,5%
792,Bethany,Pinkard,bpinkardlz@seesaa.net,Polygender,241.144.11.90,China,95.45,20%
793,Kristal,MacAlester,kmacalesterm0@goo.gl,Genderfluid,25.171.138.130,Vietnam,19.19,5%
794,Annora,Antrack,aantrackm1@census.gov,Female,160.27.238.230,El Salvador,61.25,20%
795,Guy,Raynham,graynhamm2@ted.com,Male,29.136.33.213,China,64.52,20%
796,Jacquenette,Hallen,jhallenm3@godaddy.com,Female,33.169.203.139,China,68.08,20%
797,Guido,Gionettitti,ggionettittim4@lulu.com,Male,246.42.157.94,China,87.3,5%
798,Carmine,Gorce,cgorcem5@ibm.com,Male,128.161.48.112,Brazil,75.01,20%
799,Jermaine,Feild,jfeildm6@rediff.com,Female,92.105.246.132,Nepal,1.34,20%
800,Garek,Sobczak,gsobczakm7@europa.eu,Male,234.56.115.23,Argentina,84.95,20%
801,Jaymie,Applewhaite,japplewhaitem8@vinaora.com,Male,8.11.154.241,United States,69.11,20%
802,Gus,Dunnico,gdunnicom9@domainmarket.com,Male,29.187.152.80,Thailand,72.92,20%
803,Betty,Matcham,bmatchamma@zdnet.com,Female,202.204.42.123,Russia,30.99,5%
804,Livvie,Chanson,lchansonmb@hud.gov,Female,116.97.186.133,Malaysia,43.29,20%
805,Parry,Deroche,pderochemc@indiegogo.com,Male,159.24.16.198,Equatorial Guinea,65.82,20%
806,Davina,Whylie,dwhyliemd@google.cn,Female,240.184.97.155,China,79.56,20%
807,Rudolph,Farnsworth,rfarnsworthme@sourceforge.net,Male,125.12.147.109,Portugal,82.33,5%
808,Glendon,Weekland,gweeklandmf@gnu.org,Male,7.32.56.197,South Africa,89.33,5%
809,Lay,Acome,lacomemg@webmd.com,Male,1.22.127.4,China,55.97,5%
810,Harcourt,Lovelock,hlovelockmh@ibm.com,Male,55.146.45.80,Nigeria,6.53,20%
811,Vasilis,Haysar,vhaysarmi@soundcloud.com,Male,36.249.29.43,Armenia,100.0,20%
812,Lammond,Haken,lhakenmj@time.com,Male,166.232.110.88,South Africa,29.43,5%
813,Rici,Cromley,rcromleymk@paginegialle.it,Female,13.29.119.248,Poland,90.84,20%
814,Cristal,Weems,cweemsml@lulu.com,Female,24.55.128.123,Israel,14.83,5%
815,Carlee,Adel,cadelmm@ca.gov,Female,235.144.48.136,Belarus,3.39,20%
816,Mab,Beauchop,mbeauchopmn@disqus.com,Female,21.90.70.55,Portugal,74.84,20%
817,Stacee,Burrell,sburrellmo@prweb.com,Male,106.209.40.162,Poland,38.77,5%
818,Torrin,Triplett,ttriplettmp@weather.com,Genderfluid,225.43.53.105,Algeria,69.73,5%
819,Karon,Terrett,kterrettmq@meetup.com,Genderqueer,94.231.169.124,Colombia,41.68,20%
820,Dawn,Bultitude,dbultitudemr@theglobeandmail.com,Female,208.66.226.67,China,52.7,5%
821,Gasper,Travis,gtravisms@networksolutions.com,Agender,49.119.89.26,Indonesia,64.97,20%
822,Bartholomeo,Mozzetti,bmozzettimt@google.co.uk,Male,215.10.59.2,Portugal,90.63,20%
823,Juieta,Gane,jganemu@technorati.com,Female,45.151.32.13,Colombia,49.4,20%
824,Vernice,Lamperd,vlamperdmv@mayoclinic.com,Genderqueer,91.112.218.107,Japan,43.13,20%
825,Kiley,Opie,kopiemw@elpais.com,Female,152.207.89.66,Poland,49.3,20%
826,Douglas,Oliphand,doliphandmx@slate.com,Male,18.162.171.254,China,83.23,20%
827,Alano,Bertomier,abertomiermy@weibo.com,Male,160.126.83.130,Nigeria,14.97,20%
828,Gwynne,Paradise,gparadisemz@craigslist.org,Female,100.57.74.81,Mexico,38.98,20%
829,Casey,Coldicott,ccoldicottn0@discuz.net,Female,199.243.73.97,Sweden,24.17,20%
830,Jordon,Forsyde,jforsyden1@pen.io,Male,184.239.174.38,Sweden,82.55,5%
831,Basile,Rutledge,brutledgen2@unicef.org,Male,189.211.246.12,China,98.57,5%
832,Arther,Sylvester,asylvestern3@histats.com,Male,1.15.117.198,Portugal,45.55,5%
833,Shayla,Josephi,sjosephin4@sakura.ne.jp,Female,228.223.73.83,Indonesia,99.59,20%
834,Carmelina,Van Oord,cvanoordn5@wikimedia.org,Female,75.79.182.189,Portugal,86.45,5%
835,Cody,Ladewig,cladewign6@dagondesign.com,Female,248.151.58.98,Portugal,19.17,20%
836,Ferdie,Fasse,ffassen7@cyberchimps.com,Genderfluid,12.177.182.163,Brazil,63.21,5%
837,Emanuele,McKelvie,emckelvien8@delicious.com,Male,199.149.219.118,Zambia,42.33,20%
838,Clementina,Sysland,csyslandn9@unesco.org,Bigender,24.247.151.96,Russia,90.92,20%
839,Derril,Eaken,deakenna@google.com.br,Male,54.77.20.26,France,52.56,20%
840,Tally,Muir,tmuirnb@com.com,Male,16.146.5.202,Kenya,61.77,20%
841,Minnie,Kiehne,mkiehnenc@virginia.edu,Female,88.154.242.10,Russia,37.7,5%
842,Roderigo,Josiah,rjosiahnd@ted.com,Male,50.203.187.218,Indonesia,55.64,5%
843,Bradley,Wake,bwakene@dmoz.org,Male,67.33.30.121,Russia,97.16,5%
844,Odella,Szabo,oszabonf@zimbio.com,Female,42.156.33.116,Slovenia,91.26,20%
845,Fee,Bullivant,fbullivantng@earthlink.net,Male,180.164.239.125,France,4.35,5%
846,Farlie,Fusedale,ffusedalenh@unesco.org,Bigender,124.182.190.253,Poland,26.17,20%
847,Piotr,Rushbury,prushburyni@moonfruit.com,Male,65.198.40.178,Philippines,30.62,20%
848,Benton,Bluett,bbluettnj@toplist.cz,Polygender,177.110.175.244,United States,23.15,20%
849,Elly,Sellick,esellicknk@who.int,Female,237.91.55.149,Argentina,31.1,20%
850,Biddy,Sillitoe,bsillitoenl@360.cn,Female,201.203.79.25,Belgium,71.29,20%
851,Wanda,Westley,wwestleynm@wired.com,Female,188.47.210.210,Dominican Republic,2.14,20%
852,Camala,Heaven,cheavennn@reddit.com,Female,235.189.104.152,Indonesia,65.8,20%
853,Wendeline,Lindner,wlindnerno@oaic.gov.au,Female,249.146.220.14,Philippines,8.83,20%
854,Rawley,Teresia,rteresianp@prnewswire.com,Male,45.204.19.28,China,62.13,20%
855,Alphard,Quinney,aquinneynq@webs.com,Male,144.37.67.186,Finland,33.11,5%
856,Andonis,Casely,acaselynr@gmpg.org,Male,25.141.16.195,China,35.88,20%
857,Finn,Dossetter,fdossetterns@sogou.com,Male,15.141.73.30,China,48.3,20%
858,Petra,Perone,pperonent@hc360.com,Female,128.149.250.185,China,51.13,20%
859,Rafferty,Laird-Craig,rlairdcraignu@booking.com,Male,119.220.60.72,China,27.92,5%
860,Ganny,Oldroyd,goldroydnv@sourceforge.net,Male,112.98.35.150,France,60.03,20%
861,Royce,Abeles,rabelesnw@last.fm,Polygender,20.71.220.51,United States,26.02,20%
862,Riley,Bordes,rbordesnx@amazon.co.uk,Male,35.18.69.84,Bulgaria,34.44,5%
863,Debra,Hatliff,dhatliffny@mediafire.com,Female,44.126.17.103,China,92.76,20%
864,Webster,Winthrop,wwinthropnz@sphinn.com,Bigender,9.220.123.217,Macedonia,20.48,20%
865,Hilario,Malbon,hmalbono0@newsvine.com,Male,45.183.81.88,Ukraine,80.26,20%
866,Dody,Rudwell,drudwello1@nps.gov,Female,176.21.153.156,France,99.12,20%
867,Katinka,Jamrowicz,kjamrowiczo2@google.es,Polygender,234.115.95.186,Ivory Coast,88.34,20%
868,Eziechiele,Roarty,eroartyo3@yandex.ru,Male,195.178.149.11,Russia,50.87,20%
869,Justis,Spennock,jspennocko4@cnbc.com,Male,125.163.222.228,Sweden,64.01,20%
870,Rosaleen,MacTerlagh,rmacterlagho5@imdb.com,Female,56.46.188.61,Canada,98.16,20%
871,Engracia,Olley,eolleyo6@themeforest.net,Female,23.193.91.179,United States,43.28,5%
872,Gianni,McLeod,gmcleodo7@accuweather.com,Male,181.23.80.198,China,44.96,20%
873,Ethelin,Tassaker,etassakero8@about.me,Female,51.46.230.146,Finland,24.61,20%
874,Norris,Sugar,nsugaro9@archive.org,Male,165.70.217.158,China,63.95,5%
875,Roxie,Margarson,rmargarsonoa@naver.com,Female,59.127.244.196,China,3.27,5%
876,Afton,Sarginson,asarginsonob@live.com,Female,172.100.111.159,Armenia,80.15,5%
877,Reggis,Morrice,rmorriceoc@barnesandnoble.com,Male,105.169.219.87,Russia,98.94,5%
878,Kerwin,March,kmarchod@prnewswire.com,Polygender,69.73.85.233,United Kingdom,33.58,20%
879,Ali,Marzelo,amarzelooe@ftc.gov,Male,63.112.9.253,San Marino,47.98,20%
880,Seymour,Snibson,ssnibsonof@altervista.org,Male,75.163.166.132,China,75.03,20%
881,Courtnay,Woofinden,cwoofindenog@bizjournals.com,Female,207.168.167.37,China,31.83,5%
882,Mathilde,Brown,mbrownoh@networkadvertising.org,Female,115.8.2.97,Spain,27.13,20%
883,Neil,Rickardsson,nrickardssonoi@gizmodo.com,Male,164.223.192.138,Honduras,92.14,20%
884,Micky,Annwyl,mannwyloj@nifty.com,Female,237.140.240.87,China,52.66,5%
885,Ginger,Amps,gampsok@google.nl,Male,242.44.124.8,Indonesia,6.43,20%
886,Shannah,Ferne,sferneol@last.fm,Female,218.198.71.139,China,94.6,5%
887,Killie,Seiller,kseillerom@weebly.com,Polygender,221.224.55.106,China,54.15,20%
888,Johny,MacAlees,jmacaleeson@wisc.edu,Male,181.38.44.96,China,38.02,20%
889,Clerc,Dumphy,cdumphyoo@usa.gov,Male,227.189.241.202,Vietnam,78.13,20%
890,Letisha,Everitt,leverittop@behance.net,Non-binary,70.150.196.11,Brazil,22.84,20%
891,Cacilia,Edlington,cedlingtonoq@state.gov,Bigender,226.42.244.2,Isle of Man,12.04,5%
892,Kelcey,Heers,kheersor@dagondesign.com,Female,137.161.201.214,Russia,85.88,20%
893,Granthem,Mountstephen,gmountstephenos@comsenz.com,Male,25.238.51.196,Japan,21.6,20%
894,Karalee,Haskett,khaskettot@examiner.com,Female,239.116.141.146,Poland,24.24,20%
895,Felizio,Mityakov,fmityakovou@dailymail.co.uk,Male,77.227.98.201,China,54.41,20%
896,Chloette,Fiorentino,cfiorentinoov@sun.com,Female,12.172.22.185,China,62.5,20%
897,Lane,Blanc,lblancow@who.int,Male,91.13.249.48,China,74.5,5%
898,Royce,Kislingbury,rkislingburyox@go.com,Male,99.130.121.175,China,87.97,20%
899,Pavlov,Von Brook,pvonbrookoy@theguardian.com,Male,239.63.120.162,Argentina,65.08,5%
900,Emelina,Brazier,ebrazieroz@angelfire.com,Female,50.80.219.213,Greece,77.5,20%
901,Mattie,Furmage,mfurmagep0@uol.com.br,Female,44.186.246.128,United States,37.24,20%
902,Jean,Selliman,jsellimanp1@google.de,Agender,93.125.246.143,Brazil,63.39,20%
903,Rosalyn,Dumbrill,rdumbrillp2@bloglovin.com,Female,192.29.95.217,Indonesia,13.32,20%
904,Olivero,Djokic,odjokicp3@tinypic.com,Non-binary,42.216.34.82,France,73.55,20%
905,Deirdre,Ready,dreadyp4@youtu.be,Female,11.45.40.252,Croatia,94.59,20%
906,King,Thornewell,kthornewellp5@g.co,Male,134.121.235.57,South Korea,1.0,5%
907,Orel,Watchorn,owatchornp6@epa.gov,Female,147.188.191.172,Albania,62.05,20%
908,Belva,Odda,boddap7@slashdot.org,Female,93.28.46.101,Yemen,83.46,5%
909,Meryl,Newlands,mnewlandsp8@pen.io,Female,226.239.104.62,China,9.27,20%
910,Lem,Arbuckel,larbuckelp9@mashable.com,Male,43.18.166.233,Indonesia,20.02,20%
911,Anthea,Dauney,adauneypa@vimeo.com,Non-binary,223.217.108.74,France,10.02,5%
912,Marrissa,Boman,mbomanpb@sciencedaily.com,Genderqueer,32.172.252.46,Armenia,48.46,5%
913,Aldo,Heningham,aheninghampc@plala.or.jp,Bigender,19.130.94.159,Iran,11.23,20%
914,Coretta,Borg,cborgpd@alibaba.com,Female,24.92.159.193,Iran,5.22,20%
915,Henry,Sarch,hsarchpe@dagondesign.com,Male,92.49.151.156,China,69.62,20%
916,Lil,Rewcastle,lrewcastlepf@sakura.ne.jp,Female,114.215.87.78,Indonesia,72.99,20%
917,Ladonna,Pasquale,lpasqualepg@myspace.com,Female,154.5.60.83,China,30.02,20%
918,Nevin,Varga,nvargaph@craigslist.org,Male,72.235.101.163,Cuba,87.1,5%
919,Sly,Obert,sobertpi@baidu.com,Male,60.100.1.132,Greece,20.96,20%
920,Fancie,Casa,fcasapj@surveymonkey.com,Female,60.180.182.101,Greece,56.91,20%
921,Benny,Lanmeid,blanmeidpk@statcounter.com,Female,126.109.220.187,China,24.36,20%
922,Lyndsie,Quaintance,lquaintancepl@newsvine.com,Female,222.104.1.101,Mexico,37.31,5%
923,Hogan,Zanetti,hzanettipm@bigcartel.com,Male,2.5.9.21,Montenegro,83.16,20%
924,Ebba,Tommasuzzi,etommasuzzipn@fotki.com,Polygender,240.149.100.53,Honduras,71.74,20%
925,Artemis,Glauber,aglauberpo@msn.com,Male,172.124.57.143,Mongolia,47.18,5%
926,Vernon,Caesar,vcaesarpp@dropbox.com,Male,26.213.121.6,Democratic Republic of the Congo,82.89,20%
927,Ruthanne,Denis,rdenispq@hatena.ne.jp,Female,74.92.3.13,Brazil,49.29,20%
928,Stafani,Sirrell,ssirrellpr@moonfruit.com,Female,210.218.49.80,Bosnia and Herzegovina,40.84,5%
929,Linette,Bourthoumieux,lbourthoumieuxps@bravesites.com,Female,230.201.243.83,Kyrgyzstan,30.55,20%
930,Jania,Mc Gee,jmcgeept@wordpress.com,Female,179.245.241.81,China,82.06,20%
931,Emily,Slayton,eslaytonpu@parallels.com,Female,180.59.63.18,Portugal,10.59,20%
932,Suzanne,Vayro,svayropv@prlog.org,Female,253.44.95.58,China,16.07,20%
933,Queenie,D'eath,qdeathpw@seesaa.net,Polygender,116.78.101.236,Brazil,77.65,20%
934,Sayre,Pagan,spaganpx@china.com.cn,Male,63.29.193.146,Thailand,98.13,20%
935,Elva,Parradye,eparradyepy@multiply.com,Female,11.66.64.131,Ireland,40.08,20%
936,Luciana,Rex,lrexpz@people.com.cn,Female,94.172.133.120,Peru,77.21,20%
937,Philippine,Scrivenor,pscrivenorq0@dyndns.org,Female,66.65.169.19,Colombia,38.94,20%
938,Noell,Cotsford,ncotsfordq1@163.com,Female,127.107.192.249,Finland,28.3,20%
939,Lurlene,Dautry,ldautryq2@usda.gov,Female,86.18.44.179,China,32.67,20%
940,Robert,Sudworth,rsudworthq3@istockphoto.com,Male,150.199.196.212,Mauritius,75.84,20%
941,Aaron,Sills,asillsq4@tripod.com,Male,133.9.1.38,Russia,8.35,5%
942,Concettina,Mish,cmishq5@vkontakte.ru,Female,57.225.69.98,Maldives,26.19,20%
943,Bart,Balaizot,bbalaizotq6@hp.com,Male,244.54.25.113,Indonesia,78.31,20%
944,Noach,Sides,nsidesq7@barnesandnoble.com,Male,17.88.15.152,China,6.81,20%
945,Una,Elston,uelstonq8@moonfruit.com,Bigender,187.197.156.39,Moldova,40.68,20%
946,Electra,Ellerby,eellerbyq9@indiegogo.com,Female,58.38.16.86,Latvia,64.84,20%
947,Doria,Castano,dcastanoqa@opera.com,Female,122.123.42.18,Indonesia,24.8,20%
948,York,Dahlgren,ydahlgrenqb@hp.com,Male,28.211.16.145,Russia,60.72,20%
949,Sollie,McCarry,smccarryqc@globo.com,Male,78.200.50.4,Honduras,94.83,20%
950,Tymon,Walmsley,twalmsleyqd@slate.com,Male,24.64.200.242,Greece,16.1,20%
951,Madelaine,Gallon,mgallonqe@aboutads.info,Female,12.160.131.86,Ukraine,58.4,20%
952,Judy,Diaper,jdiaperqf@scientificamerican.com,Bigender,235.239.208.171,United States,42.86,20%
953,Fonz,Kringe,fkringeqg@prlog.org,Agender,114.207.232.120,Netherlands,92.01,20%
954,Bud,Dickins,bdickinsqh@wikimedia.org,Male,87.208.97.128,Indonesia,14.47,20%
955,Cyndia,Van Geffen,cvangeffenqi@angelfire.com,Female,33.13.130.159,Turkmenistan,46.02,20%
956,Adaline,Le land,alelandqj@ucoz.ru,Female,142.41.135.166,Latvia,73.02,5%
957,Olva,Benech,obenechqk@yellowbook.com,Genderfluid,216.22.239.122,Russia,55.13,20%
958,Cecilio,Findley,cfindleyql@bizjournals.com,Male,102.189.55.19,Malaysia,73.19,20%
959,Chloette,Badman,cbadmanqm@dagondesign.com,Female,250.72.39.122,Azerbaijan,83.94,5%
960,Minor,Sherwin,msherwinqn@usnews.com,Male,185.126.3.28,Japan,93.9,20%
961,Sigismundo,Van Schafflaer,svanschafflaerqo@squarespace.com,Male,179.217.94.93,Indonesia,55.05,5%
962,Cully,Daly,cdalyqp@histats.com,Male,13.89.46.222,Venezuela,57.64,20%
963,Elke,Merrick,emerrickqq@cnbc.com,Female,112.164.166.119,Chile,34.1,20%
964,Elladine,Moreby,emorebyqr@apache.org,Female,96.185.234.22,China,6.26,20%
965,Chick,Borit,cboritqs@ihg.com,Male,137.159.13.214,Indonesia,44.51,20%
966,Lura,Croom,lcroomqt@issuu.com,Female,134.147.2.192,Morocco,24.98,5%
967,Heinrick,Firpo,hfirpoqu@sphinn.com,Male,130.57.102.211,Russia,37.5,5%
968,Cordie,Culver,cculverqv@pbs.org,Female,167.185.200.233,Mongolia,60.25,20%
969,Claudius,Goodlip,cgoodlipqw@bloglines.com,Male,14.189.226.46,Indonesia,8.35,5%
970,Halli,Balaam,hbalaamqx@1688.com,Female,208.117.29.87,Russia,53.08,20%
971,Lind,Ricardon,lricardonqy@examiner.com,Female,218.53.113.54,Indonesia,85.31,5%
972,Ronnie,Secombe,rsecombeqz@symantec.com,Male,224.196.198.19,Russia,6.71,20%
973,Allin,Dagless,adaglessr0@google.it,Male,0.235.31.104,Indonesia,16.38,5%
974,Mauricio,Branney,mbranneyr1@uol.com.br,Male,254.8.147.127,Palestinian Territory,35.98,5%
975,Jehu,Ruppel,jruppelr2@bluehost.com,Male,183.188.251.107,Brazil,87.56,5%
976,Sheilakathryn,Ciccottini,sciccottinir3@qq.com,Genderqueer,187.219.246.152,United States,39.92,20%
977,Wernher,Dalgleish,wdalgleishr4@gov.uk,Male,252.154.136.130,Botswana,31.43,20%
978,Diana,Batterbee,dbatterbeer5@nature.com,Female,216.209.118.22,Sweden,66.3,20%
979,Norean,Vauls,nvaulsr6@jugem.jp,Female,155.205.205.70,Armenia,23.23,5%
980,Hogan,O'Riordan,horiordanr7@mit.edu,Male,71.161.6.121,Croatia,28.36,20%
981,Ky,Attewill,kattewillr8@imdb.com,Male,146.158.97.11,Thailand,52.9,5%
982,Dill,Geaveny,dgeavenyr9@amazonaws.com,Male,135.166.110.46,Mexico,59.62,20%
983,Dianna,Iremonger,diremongerra@surveymonkey.com,Female,88.109.134.145,Poland,35.31,5%
984,Merrily,Aspenlon,maspenlonrb@bbb.org,Non-binary,182.141.165.205,Comoros,94.57,20%
985,Jermaine,Lamort,jlamortrc@1688.com,Male,195.223.191.182,Indonesia,89.9,20%
986,Tully,Judkin,tjudkinrd@home.pl,Genderfluid,211.243.24.35,China,65.64,20%
987,Dane,Twidell,dtwidellre@ask.com,Male,90.22.179.234,Ireland,29.47,20%
988,Drugi,Mantram,dmantramrf@google.co.jp,Male,99.148.29.244,France,83.53,5%
989,Noach,Matchell,nmatchellrg@w3.org,Male,41.9.170.247,Russia,62.89,20%
990,Kitti,Georgins,kgeorginsrh@shareasale.com,Female,20.159.145.147,Colombia,99.47,20%
991,Parker,Gladman,pgladmanri@rakuten.co.jp,Male,223.207.54.171,Costa Rica,21.57,20%
992,Mayer,Booley,mbooleyrj@hhs.gov,Male,240.137.83.130,China,97.36,20%
993,Barron,Sweet,bsweetrk@blogtalkradio.com,Male,26.179.63.226,Ukraine,39.82,5%
994,Myrtle,Monaghan,mmonaghanrl@sina.com.cn,Female,245.255.69.174,Peru,29.64,20%
995,Ossie,Selkirk,oselkirkrm@japanpost.jp,Male,186.139.138.47,China,92.22,20%
996,Baudoin,Tuplin,btuplinrn@time.com,Male,151.149.47.155,Australia,71.6,20%
997,Paxon,Hughesdon,phughesdonro@bloglines.com,Male,18.140.95.203,Netherlands,9.15,20%
998,Haskel,Giorgini,hgiorginirp@biglobe.ne.jp,Male,152.244.189.248,China,56.0,5%
999,Marsiella,Wathan,mwathanrq@columbia.edu,Female,164.88.5.21,China,11.28,20%
1000,Drucy,Ciccoloi,dciccoloirr@is.gd,Female,181.240.97.142,Poland,36.46,20%
